平水韵韵部,声调,词林正韵部,潮汕音韵母,此韵母归此韵的字,同读此韵母但不属此韵的字,韵母匹配度
一东,上平,第一部(东冬钟),ang,庞鬃砻,骯肮昂邦梆浜幫帮綁绑榜膀蚌棒傍蒡稖磅謗谤崩繃绷甏蹦倉仓蒼苍滄…,3/491
一东,上平,第一部(东冬钟),eng,虹冯,浜奔栟崩繃绷迸煸冰兵丙邴秉柄炳餅饼并併並病噌曾層层蹭嘗尝琤偁…,2/761
一东,上平,第一部(东冬钟),iang,洚,昌倀伥菖猖娼閶阊鯧鲳長长萇苌常徜場场腸肠嘗尝嫦嚐償偿鱨鲿昶敞…,1/546
一东,上平,第一部(东冬钟),iong,雄绒虫穷忡癃翀螽窿嵩冲宫弓终艟冢丛种狨戎䓖穹忠菘躬中充芎熊融隆盅衷崇,沖茺舂衝憧蟲寵宠銃铳蓯苁樅枞從从叢供恭宮龔龚拱珙鞏巩共恐龍龙…,34/171
一东,上平,第一部(东冬钟),ong,倥侗疯瞳东聪洪公烘嵕虹笼蚣工翁昽聋功鸿眬蠓红蓬骢篷懵酮筒曚沣僮艨酆同风恫桐枫嗡峒箜梦冯攻逢幪讧朦珑潼崆童匆空蒙通栊丰濛烔铜芃曈咙胧,盎幫帮膀蚌磅鎊镑甭泵窗囱幢蔥葱聰驄淙琮蕩荡冬東咚氡蝀鼕董懂峝…,65/290
一东,上平,第一部(东冬钟),ou,蒙,煲哺補补布步部埠踄簿愁廚厨觕湊凑腠輳辏粗醋都唗兜篼抖枓陡蚪斗…,1/348
一东,上平,第一部(东冬钟),uam,汎,帆凡釩钒樊礬矾犯氾泛范梵範患…,1/15
一东,上平,第一部(东冬钟),uang,僮,牀床噇闖闯方邡坊芳枋鈁钫防妨肪房仿昉倣舫紡纺訪访髣放封風瘋觥…,1/385
二冬,上平,第一部(东冬钟),ang,侬鬃,骯肮昂邦梆浜幫帮綁绑榜膀蚌棒傍蒡稖磅謗谤崩繃绷甏蹦倉仓蒼苍滄…,2/508
二冬,上平,第一部(东冬钟),eng,衡胸,浜奔栟崩繃绷迸煸冰兵丙邴秉柄炳餅饼并併並病噌曾層层蹭嘗尝琤偁…,2/763
二冬,上平,第一部(东冬钟),iong,龚茸筇饔锺共庸龙蛩汹凶痈冲容颙憧钟榕供恭墉跫枞镛匈淞邛慵镕舂溶从雍松邕纵佣珙蓉壅灉重,充沖忡茺翀衝艟崇蟲虫寵宠銃铳蓯苁樅從叢丛弓躬宮宫龔拱鞏巩恐隆…,42/171
二冬,上平,第一部(东冬钟),o,喁禺,阿襖袄薄保寶宝抱報报陂波玻菠播嶓跛簸啵糙曹槽草初鋤锄楚礎础搓…,2/384
二冬,上平,第一部(东冬钟),ong,浓棕踪淙峰蚣烽冬咚宗缝懵秾葑封农逢蜂茏锋脓哝丰琮彤,盎幫帮膀蚌磅鎊镑甭泵窗囱幢匆蔥葱聰聪驄骢蕩荡東东氡蝀鼕董懂侗…,25/302
二冬,上平,第一部(东冬钟),ueng,衡,耿橫横蘅薨弘宏泓憬傾倾頃顷惸煢茕潁颍穎颖孕嬴永咏詠泳營瑩塋嶸…,1/48
三江,上平,第二部(江阳唐),ang,双扛尨杠梆茳泷缸邦逄江庞豇,骯肮昂浜幫帮綁绑榜膀蚌棒傍蒡稖磅謗谤崩繃绷甏蹦倉仓蒼苍滄沧艙…,13/515
三江,上平,第二部(江阳唐),iang,洚腔江降,昌倀伥菖猖娼閶阊鯧鲳長长萇苌常徜場场腸肠嘗尝嫦嚐償偿鱨鲿昶敞…,4/546
三江,上平,第二部(江阳唐),iong,跫枞,冲充沖忡茺翀舂衝憧艟崇蟲虫寵宠銃铳蓯苁樅從从叢丛弓供恭躬宮宫…,2/171
三江,上平,第二部(江阳唐),ong,窗杠幢泷嵕淙拢逢,盎幫帮膀蚌磅鎊镑甭泵囱匆蔥葱聰聪驄骢琮蕩荡冬東东咚氡蝀鼕董懂…,8/308
三江,上平,第二部(江阳唐),uang,撞桩,牀床噇闖闯方邡坊芳枋鈁钫防妨肪房仿昉倣舫紡纺訪访髣放封風风瘋…,2/387
四支,上平,第三部(支微齐灰),a,差嵯罢,阿錒锕啊拗詏𬣦巴扒叭芭疤粑豝把靶爸耙罷霸壩坝灞欛吧骲飽饱趵豹…,3/238
四支,上平,第三部(支微齐灰),ai,箄差涯诗菑台筛崖,哎哀埃挨唉捱皚皑矮藹蔼靄霭艾砹隘𱐿噯嗳嬡嫒𡟓礙碍岸捭擺摆襬拜…,8/341
四支,上平,第三部(支微齐灰),au,犛牦,凹敖𠢕嶅遨嗷廒獒熬聱螯翱鏖鰲鳌媼媪襖袄坳拗奡傲奧奥隩嶴岙澳懊…,2/491
四支,上平,第三部(支微齐灰),e,蛇呢,嗄扒把爸耙唄呗廁厕叉扠杈茶查儕侪車车硨砗扯尺爹父華华藉籍加枷…,2/154
四支,上平,第三部(支微齐灰),ek,只,隘白百佰柏薄北逼愎煏愊碧薜壁璧襞伯帛舶擘卜蔔冊册側侧策廁厕測…,1/472
四支,上平,第三部(支微齐灰),i,夷螭黧贻匙媸枇牺居椸篱狸鬐眵犁篪毗蘼骊欺仪移鸱漓萁禔嗤埘綦蜊僖碑醨蚳机卮祁荠眙嵋倪劘弛骑彝脾禧期熹縻羁蛇褫诗诒蕲貤嫠剂戏宧离提璃楣郫黟徛黐踟披栀祇梨祺氏嬉琦郿莳奇蚩姨疑畸驰蠡匜俾迤裨痴呢伊蜘葹丽弥祗罹椅纰犛姬支知熙琪比曦琵伎蚑怩岐持饥𫄨箕漪鹂坻眉噫淇邳欹尼胝崎陂猗牦劙笞摛耆魑丕怡砥医湄宜蓰簃旗埤池貔枝咿麒肌疲郗帔墀糜羲施歧卑嘻皮其痍蓍鲥罴颐鳍嶷骐蜞圮治麋棋巇基,稗背被備备鞁憊惫鞴賁贲屄腟鼻匕疕妣彼秕鄙魮𱇒庇畀痺毖陛狴閉闭…,181/947
四支,上平,第三部(支微齐灰),ia,佳崎,才車车硨砗爹伽藉籍寄加迦珈枷痂家耞笳袈葭跏傢嘉斝賈贾檟槚价架…,2/135
四支,上平,第三部(支微齐灰),in,寅椅脂肢,箅篦砭匾貶贬便遍瀕濒擯摈殯殡臏膑髕髌鬢鬓稟禀摒嗔瞋臣辰宸陳陈…,4/270
四支,上平,第三部(支微齐灰),iong,嬴,冲充沖忡茺翀舂衝憧艟崇蟲虫寵宠銃铳蓯苁樅枞從从叢丛弓供恭躬宮…,1/171
四支,上平,第三部(支微齐灰),iu,龟,彪滮抽犨仇惆酬稠愁裯綢绸儔俦幬帱疇畴籌筹躊踌讐讎雠丑瞅醜臭稻…,1/326
四支,上平,第三部(支微齐灰),o,鹾倭堕,阿襖袄薄保寶宝抱報报波玻菠播嶓跛簸啵糙曹槽草初鋤锄楚礎础搓磋…,3/383
四支,上平,第三部(支微齐灰),u,雎,煲烳逋晡捕哺補补布步佈怖部埠簿肏誧𰵩䯙初樗除芻刍滁蜍鋤锄廚厨…,1/725
四支,上平,第三部(支微齐灰),uai,隗乖,拐𧊅柺夬怪噲哙鮭鲑劊刽徊淮槐懷怀壞坏匯汇會会薈荟澮浍檜桧繪绘…,2/55
四支,上平,第三部(支微齐灰),uan,宦,般搬半伴拌柈絆绊川穿舩船遄椽傳传喘串釧钏汆攛撺躥蹿鑹镩篡竄窜…,1/430
四支,上平,第三部(支微齐灰),ue,铍,掰㧳杯揹背貝贝倍狽狈悖被焙蓓碚誖褙輩辈鋇钡菠揣箠兌兑裰飛飞沸…,1/193
四支,上平,第三部(支微齐灰),ueh,诐,恶惡刮郭𰉗砉划劃噦哕沫詖缺闕阙闋阕刷唰涮說说襪袜物血月刖畫𠱀…,1/31
四支,上平,第三部(支微齐灰),ueng,嬴,耿橫横衡蘅薨弘宏泓憬傾倾頃顷惸煢茕潁颍穎颖孕永咏詠泳營瑩塋嶸…,1/48
四支,上平,第三部(支微齐灰),ui,垂逶椎炊夔惟委潍遗隗推隹衰谁亏睢锥锤规随萎骓绥唯濉椑维虽荽馗陲龟戣霉窥羸觜累帷为沩麾棰悲榱追痿蕤槌埤危葵嫘吹妫隋逵,杯背貝贝倍狽狈悖焙蓓碚誖輩辈扯𠡒揣膗踹膪圌捶搥箠錘鎚猝崔催摧…,57/458
四支,上平,第三部(支微齐灰),ur,厮缌兹斯而澌差思锱粢虒飔芝姿迟疵资辞雌司蛳儿祠时氏磁鹚孳尸瓷撕缁赍鼒赀淄私耔嵫师咨之孜茨丝胔辎词孖仔糍滋訾慈狮髭,車车哧茌遲除鋤锄呲跐詞辭鶿鷀此泚次伺刺賜赐噁恶㧫侕荋兒耳洱爾…,56/307
五微,上平,第三部(支微齐灰),i,依圻稀希颀机祈玑晞叽畿旗几饥沂讥衣欷,稗陂卑背悲碑被備备鞁憊惫鞴賁贲屄腟鼻匕疕比妣彼秕俾鄙魮𱇒庇畀…,18/960
五微,上平,第三部(支微齐灰),ui,围徽挥归非腓扉绯薇闱微辉葳帏痱肥韦霏威菲𬴂淝斐违妃巍晖飞,杯卑背椑悲貝贝倍狽狈悖焙蓓碚誖輩辈扯𠡒揣膗踹膪圌吹炊垂陲捶搥…,28/460
六鱼,上平,第四部(鱼虞模),e,车且,嗄扒把爸耙唄呗廁厕叉扠杈茶查差儕侪車硨砗扯尺爹父華华藉籍加枷…,2/155
六鱼,上平,第四部(鱼虞模),i,据欤居淤嘘闾磲车蕖誉渔于歔舆墟鱼茹虚榈蘧璩渠予余,稗陂卑背悲碑被備备鞁憊惫鞴賁贲屄腟鼻匕疕比妣彼秕俾鄙魮𱇒庇畀…,24/961
六鱼,上平,第四部(鱼虞模),ia,衙车,才車硨砗爹伽藉籍徛寄加佳迦珈枷痂家耞笳袈葭跏傢嘉斝賈贾檟槚价…,2/138
六鱼,上平,第四部(鱼虞模),iat,趄,憋徶鱉鳖別别彆癶掣撤徹彻澈抶跌迭耊垤昳瓞耋絰绖鱖鳜虢唧即恝揭…,1/153
六鱼,上平,第四部(鱼虞模),it,疋,筆笔必苾蓽荜嗶哔鉍铋觱篳筚蹕跸癟瘪叱熾炽得鍀锝迭昳佛蝠嫉瘠蹐…,1/100
六鱼,上平,第四部(鱼虞模),o,蔬疏锄初,阿襖袄薄保寶宝抱報报陂波玻菠播嶓跛簸啵糙曹槽草鋤楚礎础搓磋矬…,4/384
六鱼,上平,第四部(鱼虞模),u,洳湑如锄潴除龉蛆诸舒苴梳胠糈驵滁徐橥沮槠纾庐趄雎樗书摅菹涂鱼咀茹祛薯猪初狙袪胪疽蜍躇挐胥罝储屠,煲烳逋晡捕哺補补布步佈怖部埠簿肏誧𰵩䯙芻刍鋤廚厨雛雏櫥橱躕蹰…,47/725
六鱼,上平,第四部(鱼虞模),ur,妤驴琚畬醵与旟玙裾,差車哧茌遲迟鋤呲疵跐茨祠瓷詞词慈磁雌糍辭辞鶿鹚鷀此泚次伺刺賜…,9/276
七虞,上平,第四部(鱼虞模),a,拏,阿錒锕啊拗詏𬣦巴扒叭芭疤粑豝把靶爸耙罷罢霸壩坝灞欛吧骲飽饱趵…,1/238
七虞,上平,第四部(鱼虞模),ak,恶,雹暴爆㩧北剝剥亳博搏駁驳膊戳錯错毒獨独讀读度踱鐸铎堊垩鄂惡萼…,1/199
七虞,上平,第四部(鱼虞模),au,枹区,凹敖𠢕嶅遨嗷廒獒熬聱螯翱鏖鰲鳌媼媪襖袄坳拗奡傲奧奥隩嶴岙澳懊…,2/486
七虞,上平,第四部(鱼虞模),i,俱嵎衢愚瞿句于隅,稗陂卑背悲碑被備备鞁憊惫鞴賁贲屄腟鼻匕疕比妣彼秕俾鄙魮𱇒庇畀…,8/961
七虞,上平,第四部(鱼虞模),iau,莩,詏𬣦杓標标膘瀌瘭鏢镖驃骠飆飙飈飚鑣镳表婊裱錶俵鰾鳔超晁朝嘲潮…,1/417
七虞,上平,第四部(鱼虞模),iu,浮救揄裯蒌,彪滮抽犨仇惆酬稠愁綢绸儔俦幬帱疇畴籌筹躊踌讐讎雠丑瞅醜臭稻丟…,5/324
七虞,上平,第四部(鱼虞模),o,摹模帑谟孥嫫砮懦喁膜驽禺,阿襖袄薄保寶宝抱報报陂波玻菠播嶓跛簸啵糙曹槽草初鋤锄楚礎础搓…,12/372
七虞,上平,第四部(鱼虞模),ok,恶,白百佰柏雹薄暴㩧㿺帛舶鉑铂箔礴卜啵蔔醭簿亍齪龊蔟簇蹙蹴纛督毒…,1/298
七虞,上平,第四部(鱼虞模),ou,浮诹镀𬬻句溇奴枸钨呕蒌,煲哺補补布步部埠踄簿愁廚觕湊凑腠輳辏醋唗兜篼抖枓陡蚪斗豆逗鬥…,11/318
七虞,上平,第四部(鱼虞模),u,苏怃粗鼯迂浮𬣙榆侏乎晡邘劬诹诬凫吁毋猢珠揄雩鲈逋盂呼孚扶糊蛄颅昫狐铺骷需呜姑泸滹莩濡徒圬龉芦荼匍区谀轳娱朐愈罛弧盱郛孺湖蜈洙儒朱逾岣蒲竽厨夫雏驺俘卢刍酺娄栌躯符龋都麸无鸬须镂梧输巫菰诛隃喻芋蝓蚨郚稣庑腴驱胡蛛拘洿殳菟吴途殂驹肤辜芜图葫誧株姝俞虞瑚涂乌鸪呱蹰嚅母瘐殊愉芙邬纡吾恶刳萸醐媭邾桴臾瓠鹕趺沽毹铢岖瑜渝趋徂茱污租酴枢襦痀孤窬苻酥枯壶觎敷屠蒱,煲烳捕哺補补布步佈怖部埠簿肏𰵩䯙初樗除芻滁蜍鋤锄廚躇雛櫥橱躕…,173/721
七虞,上平,第四部(鱼虞模),ua,呱,貝贝播簸大帶带舵蓋盖歌瓜卦挂掛罣罫褂禾何和龢花華华嘩哗鏵铧驊…,1/119
七虞,上平,第四部(鱼虞模),ur,氍,差車车哧茌遲迟除鋤锄呲疵跐茨祠瓷詞词慈磁雌糍辭辞鶿鹚鷀此泚次…,1/303
八齐,上平,第三部(支微齐灰),ai,鲑,哎哀埃挨唉捱皚皑矮藹蔼靄霭艾砹隘𱐿噯嗳嬡嫒𡟓礙碍岸捭擺摆襬拜…,1/353
八齐,上平,第三部(支微齐灰),i,迷黧题凄蠡脐低泥犀蠵鸡蹄跻砒诋携氐绨缇醍妻乩奚羝狴骊齐畦兮鹈提谿禔鼷蛴荑嵇㶉梨梯繄鲵稽黎藜栖齑鹂麑笄缔萋锑鼙批蹊西霓堤酰倪猊,稗陂卑背悲碑被備备鞁憊惫鞴賁贲屄腟鼻匕疕比妣彼秕俾鄙魮𱇒庇畀…,62/958
八齐,上平,第三部(支微齐灰),iat,折,憋徶鱉鳖別别彆癶掣撤徹彻澈抶跌迭耊垤昳瓞耋絰绖鱖鳜虢唧即恝揭…,1/153
八齐,上平,第三部(支微齐灰),in,篦,箅砭匾貶贬便遍瀕濒擯摈殯殡臏膑髕髌鬢鬓稟禀摒嗔瞋臣辰宸陳陈晨…,1/274
八齐,上平,第三部(支微齐灰),ip,折,給给圾芨緝缉及岌汲笈急級级疾戢集蒺楫蕺輯辑立笠粒泣葺入澀涩歙…,1/61
八齐,上平,第三部(支微齐灰),oi,粞,挨矮𠜱釵钗喫代底改噲哙鮭會会𣍐𫧃𠁞𠀾雞計计濟济㩼階阶街解疥犁…,1/65
八齐,上平,第三部(支微齐灰),oih,挤,八捌拔擠裌夹夾莢荚節节截笠塞俠侠狹狭楔挾挟意𩐅…,1/24
八齐,上平,第三部(支微齐灰),uai,鲑,乖拐𧊅柺夬怪噲哙鮭劊刽徊淮槐懷怀壞坏匯汇會会薈荟澮浍檜桧繪绘…,1/55
八齐,上平,第三部(支微齐灰),ui,睽闺嶲椑奎巂圭暌鲑,杯卑背悲貝贝倍狽狈悖焙蓓碚誖輩辈扯𠡒揣膗踹膪圌吹炊垂陲捶搥棰…,9/462
八齐,上平,第三部(支微齐灰),ur,撕澌赍嘶儿,差車车哧茌遲迟除鋤锄呲疵跐茨祠瓷詞词慈磁雌糍辭辞鶿鹚鷀此泚次…,5/308
九佳,上平,第五部(佳灰),a,差,阿錒锕啊拗詏𬣦巴扒叭芭疤粑豝把靶爸耙罷罢霸壩坝灞欛吧骲飽饱趵…,1/238
九佳,上平,第五部(佳灰),ai,谐喈霾睚阶揩崖挨差涯俳痎埋鲑偕骸柴楷侪牌斋捱荄钗鞋崽皆街排豺,哎哀埃唉皚皑矮藹蔼靄霭艾砹隘𱐿噯嗳嬡嫒𡟓礙碍岸捭擺摆襬拜敗败…,30/356
九佳,上平,第五部(佳灰),i,街,稗陂卑背悲碑被備备鞁憊惫鞴賁贲屄腟鼻匕疕比妣彼秕俾鄙魮𱇒庇畀…,1/960
九佳,上平,第五部(佳灰),ia,佳,才車车硨砗爹伽藉籍徛寄加迦珈枷痂家耞笳袈葭跏傢嘉斝賈贾檟槚价…,1/138
九佳,上平,第五部(佳灰),o,娲,阿襖袄薄保寶宝抱報报陂波玻菠播嶓跛簸啵糙曹槽草初鋤锄楚礎础搓…,1/384
九佳,上平,第五部(佳灰),ua,哇蜗娃洼蛙,貝贝播簸大帶带舵蓋盖歌呱瓜卦挂掛罣罫褂禾何和龢花華华嘩哗鏵铧…,5/117
九佳,上平,第五部(佳灰),uai,槐淮鲑怀乖,拐𧊅柺夬怪噲哙鮭劊刽徊懷壞坏匯汇會会薈荟澮浍檜桧繪绘蒯擓㧟快…,5/55
九佳,上平,第五部(佳灰),ui,鲑,杯卑背椑悲貝贝倍狽狈悖焙蓓碚誖輩辈扯𠡒揣膗踹膪圌吹炊垂陲捶搥…,1/463
九佳,上平,第五部(佳灰),ur,差,車车哧茌遲迟除鋤锄呲疵跐茨祠瓷詞词慈磁雌糍辭辞鶿鹚鷀此泚次伺…,1/308
十灰,上平,第五部(佳灰),a,咳,阿錒锕啊拗詏𬣦巴扒叭芭疤粑豝把靶爸耙罷罢霸壩坝灞欛吧骲飽饱趵…,1/239
十灰,上平,第五部(佳灰),ai,栽来埃孩颏垓莱灾财菑哉开陔皑咳鲐荄薹苔鳃唉该铠徊才哀抬欸赅骀猜材镅邰台徘胚呆崃裁胎,哎挨捱皚矮藹蔼靄霭艾砹隘𱐿噯嗳嬡嫒𡟓礙碍岸捭擺摆襬拜敗败稗憊…,41/356
十灰,上平,第五部(佳灰),eng,能,浜奔栟崩繃绷迸煸冰兵丙邴秉柄炳餅饼并併並病噌曾層层蹭嘗尝琤偁…,1/772
十灰,上平,第五部(佳灰),iu,掊,彪滮抽犨仇惆酬稠愁裯綢绸儔俦幬帱疇畴籌筹躊踌讐讎雠丑瞅醜臭稻…,1/326
十灰,上平,第五部(佳灰),ou,醅,煲哺補补布步部埠踄簿愁廚厨觕湊凑腠輳辏粗醋都唗兜篼抖枓陡蚪斗…,1/354
十灰,上平,第五部(佳灰),uai,坏隗徊槐,乖拐𧊅柺夬怪噲哙鮭鲑劊刽淮懷怀壞匯汇會会薈荟澮浍檜桧繪绘蒯擓…,4/55
十灰,上平,第五部(佳灰),ue,醅挼捼,掰㧳揹背貝贝倍狽狈悖被焙蓓碚誖褙輩辈鋇钡菠揣吹炊棰箠兌兑裰飛…,3/178
十灰,上平,第五部(佳灰),ui,锤回裴催崔嵬陪盔捶莓玫煨培桅枚傀缞摧灰堆雷诙茴隗魁徊杯推隈欸媒偎煤瑰梅脢掊儡垒洄恢追颓,卑背椑悲貝贝倍狽狈悖焙蓓碚誖輩辈扯𠡒揣膗踹膪圌吹炊垂陲搥棰槌…,43/462
十灰,上平,第五部(佳灰),uinn,虺,蜚,1/2
十灰,上平,第五部(佳灰),ut,抔,不鈈钚出齣怵黜猝咄柮飿饳芾沸弗佛拂茀彿怫氟祓艴紱绂紼绋髴黻汩…,1/114
十一真,上平,第六部(真文元),an,瞷,安桉氨鞍俺銨铵犴岸按胺案扳班般斑搬頒颁瘢癍阪坂板版蝂闆扮辦办…,1/316
十一真,上平,第六部(真文元),eng,甡,浜奔栟崩繃绷迸煸冰兵丙邴秉柄炳餅饼并併並病噌曾層层蹭嘗尝琤偁…,1/722
十一真,上平,第六部(真文元),ian,填瞋湮畛嗔缜,辦办瓣萹蝙編编鞭邊边鯿鳊籩笾煸扁匾貶贬碥稨褊藊卞弁汴忭便遍辨…,6/579
十一真,上平,第六部(真文元),iang,邠斌豳彬,昌倀伥菖猖娼閶阊鯧鲳長长萇苌常徜場场腸肠嘗尝嫦嚐償偿鱨鲿昶敞…,4/539
十一真,上平,第六部(真文元),im,纫亲,參参岑涔郴琛沉忱諶谌酖掂定今金衿襟錦锦妗浸禁寖噤林淋琳啉霖臨…,2/157
十一真,上平,第六部(真文元),in,邻秦螓蓁娠磷因伸辰甄频嫔瞵姻濒瞋莘贫氤晨民尘人臻新振裀辛薪鳞闽辚堙颦夤陈真榛绅宸岷呻茵泯寅嶙臣身珍溱申仁嗔津亲神麟缗,箅篦砭匾貶贬便遍瀕擯摈殯殡臏膑髕髌鬢鬓稟禀摒陳塵齔龀櫬榇襯衬…,58/273
十一真,上平,第六部(真文元),uan,纶皴,般搬半伴拌柈絆绊川穿舩船遄椽傳传喘串釧钏汆攛撺躥蹿鑹镩篡竄窜…,2/430
十一真,上平,第六部(真文元),un,谆循囷纶惇肫郇麇春迍抡匀轮醇菌旻荀询洵鹑仑遵驯屯沦份峋莼珣巡淳椿竣旬逡纯筠恂窀伦,奔逩賁贲錛锛本苯畚笨飱蟬蝉顫颤舩船舛荈純脣蒓鶉蠢邨村存𢙨忖寸…,40/376
十一真,上平,第六部(真文元),urn,訚均狺龂巾银钧嚚垠鄞,恩蒽摁根跟哏艮茛痕很狠恨斤觔筋卺巹堇僅仅廑瑾槿謹谨饉馑近劤靳…,10/63
十二文,上平,第六部(真文元),an,颁,安桉氨鞍俺銨铵犴岸按胺案扳班般斑搬頒瘢癍阪坂板版蝂闆扮辦办便…,1/320
十二文,上平,第六部(真文元),eng,听,浜奔栟崩繃绷迸煸冰兵丙邴秉柄炳餅饼并併並病噌曾層层蹭嘗尝琤偁…,1/758
十二文,上平,第六部(真文元),i,贲蕲,稗陂卑背悲碑被備备鞁憊惫鞴賁屄腟鼻匕疕比妣彼秕俾鄙魮𱇒庇畀痺…,2/961
十二文,上平,第六部(真文元),ian,员,辦办瓣萹蝙編编鞭邊边鯿鳊籩笾煸扁匾貶贬碥稨褊藊卞弁汴忭便遍辨…,1/581
十二文,上平,第六部(真文元),in,君云殷军,箅篦砭匾貶贬便遍瀕濒擯摈殯殡臏膑髕髌鬢鬓稟禀摒嗔瞋臣辰宸陳陈…,4/274
十二文,上平,第六部(真文元),n,昕勋欣,掀鍁锨軒轩勛勳燻,3/11
十二文,上平,第六部(真文元),ng,文,榜本甭倉仓艙舱長长腸肠川穿傳传瘡疮牀床創创刺邨村當当鐺铛荡盪…,1/163
十二文,上平,第六部(真文元),uan,员,般搬半伴拌柈絆绊川穿舩船遄椽傳传喘串釧钏汆攛撺躥蹿鑹镩篡竄窜…,1/430
十二文,上平,第六部(真文元),ui,辉玟,杯卑背椑悲貝贝倍狽狈悖焙蓓碚誖輩辈扯𠡒揣膗踹膪圌吹炊垂陲捶搥…,2/463
十二文,上平,第六部(真文元),un,芸氛雰枌氲煴焚闻𣸣皲纹云涢纷贲纭熏雯汾缊汶薰曛芬耘裙坟棻荤蚊分郧醺文,奔逩賁錛锛本苯畚笨飱蟬蝉顫颤舩船舛荈春椿純纯脣淳蒓莼醇鶉鹑蠢…,34/374
十二文,上平,第六部(真文元),urn,芹訚狺斤龂筋垠鄞廑勤,恩蒽摁根跟哏艮茛痕很狠恨巾觔卺巹堇僅仅瑾槿謹谨饉馑近劤靳殣覲…,10/62
十三元,上平,第七部(元寒删先),an,元,安桉氨鞍俺銨铵犴岸按胺案扳班般斑搬頒颁瘢癍阪坂板版蝂闆扮辦办…,1/319
十三元,上平,第七部(元寒删先),i,贲亹,稗陂卑背悲碑被備备鞁憊惫鞴賁屄腟鼻匕疕比妣彼秕俾鄙魮𱇒庇畀痺…,2/961
十三元,上平,第七部(元寒删先),ian,媛湲援掀鸳言袁蹇猿宛园怨骞轩辕羱元源爰原冤圈阮犍芫鼋,辦办瓣萹蝙編编鞭邊边鯿鳊籩笾煸扁匾貶贬碥稨褊藊卞弁汴忭便遍辨…,26/581
十三元,上平,第七部(元寒删先),o,繁,阿襖袄薄保寶宝抱報报陂波玻菠播嶓跛簸啵糙曹槽草初鋤锄楚礎础搓…,1/384
十三元,上平,第七部(元寒删先),uam,矾樊,帆凡釩钒礬犯氾泛汎范梵範患…,2/15
十三元,上平,第七部(元寒删先),uan,垣烦璠燔番藩猿萱幡反繁洹蹯辕羱元源蜿暄樊喧膰原沅谖圈阮眢翻芫鼋墦,般搬半伴拌柈絆绊川穿舩船遄椽傳传喘串釧钏汆攛撺躥蹿鑹镩篡竄窜…,32/425
十三元,上平,第七部(元寒删先),uann,番,安鞍按案般搬坂半伴殘残產产丹單单撣掸旦憚惮彈弹販贩杆肝竿秆桿…,1/127
十三元,上平,第七部(元寒删先),ui,辉,杯卑背椑悲貝贝倍狽狈悖焙蓓碚誖輩辈扯𠡒揣膗踹膪圌吹炊垂陲捶搥…,1/463
十三元,上平,第七部(元寒删先),un,婚惛炖荪崑惇喷狲琨髡豚村温抡瘟贲魂扪存昆蹲缊阍臀仑溷坤蕰屯吞湓孙敦昏暾尊纯浑门奔沌蕴论盆馄墩饨囤飧,逩賁錛锛本苯畚笨飱蟬蝉顫颤舩船舛荈春椿純脣淳蒓莼醇鶉鹑蠢邨𢙨…,49/376
十三元,上平,第七部(元寒删先),urn,跟根痕垠恩,蒽摁哏艮茛很狠恨巾斤觔筋卺巹堇僅仅廑瑾槿謹谨饉馑近劤靳殣覲觐…,5/63
十四寒,上平,第七部(元寒删先),an,阑珊韩坛郸攒顸摊澜栏滩安拦难餐看杆谰瘅汗邗弹残檀叹奸鼾箪翰单寒掸干鞍犴姗刊肝汉竿钻兰跚般丹瘢殚,桉氨俺銨铵岸按胺案扳班斑搬頒颁癍阪坂板版蝂闆扮辦办便殘粲璨燦…,47/320
十四寒,上平,第七部(元寒删先),eng,拼,浜奔栟崩繃绷迸煸冰兵丙邴秉柄炳餅饼并併並病噌曾層层蹭嘗尝琤偁…,1/772
十四寒,上平,第七部(元寒删先),ian,纨弁丸禅完羱单干鳣,辦办瓣萹蝙編编鞭邊边鯿鳊籩笾煸扁匾貶贬碥稨褊藊卞汴忭便遍辨辮…,9/581
十四寒,上平,第七部(元寒删先),o,繁,阿襖袄薄保寶宝抱報报陂波玻菠播嶓跛簸啵糙曹槽草初鋤锄楚礎础搓…,1/382
十四寒,上平,第七部(元寒删先),uan,漫棺攒盘湍蟠倌狻潘鸾拌端耑宽繁莞洹曼磐脘蹒栾抟瞒丸官芄髋羱颟酸銮欢团皖湾刓墁馒胖桓娈萑漙鳗峦眢观般冠剜谩,搬半伴柈絆绊川穿舩船遄椽傳传喘串釧钏汆攛撺躥蹿鑹镩篡竄窜爨皴…,52/423
十四寒,上平,第七部(元寒删先),uat,般,拔茇跋魃鼥孛荸癶缽钵鉢撥拨餑饽勃脖渤鈸钹鵓鹁絀绌啜惙輟辍撮咄…,1/114
十四寒,上平,第七部(元寒删先),ui,萑,杯卑背椑悲貝贝倍狽狈悖焙蓓碚誖輩辈扯𠡒揣膗踹膪圌吹炊垂陲捶搥…,1/463
十四寒,上平,第七部(元寒删先),un,敦,奔逩賁贲錛锛本苯畚笨飱蟬蝉顫颤舩船舛荈春椿純纯脣淳蒓莼醇鶉鹑…,1/376
十五删,上平,第七部(元寒删先),an,讪孱斑潸菅间攀疝斓瞷山蕑般蛮奸潺班颁扳删,安桉氨鞍俺銨铵犴岸按胺案搬頒瘢癍阪坂板版蝂闆扮辦办便餐殘残粲…,20/318
十五删,上平,第七部(元寒删先),ian,悭艰痫湲间娴闲顽颜,辦办瓣萹蝙編编鞭邊边鯿鳊籩笾煸扁匾貶贬碥稨褊藊卞弁汴忭便遍辨…,9/581
十五删,上平,第七部(元寒删先),in,殷,箅篦砭匾貶贬便遍瀕濒擯摈殯殡臏膑髕髌鬢鬓稟禀摒嗔瞋臣辰宸陳陈…,1/274
十五删,上平,第七部(元寒删先),uam,患,帆凡釩钒樊礬矾犯氾泛汎范梵範…,1/15
十五删,上平,第七部(元寒删先),uan,轘鬟菅寰纶还湾澴弯般顽环擐关圜鳏颜镮,搬半伴拌柈絆绊川穿舩船遄椽傳传喘串釧钏汆攛撺躥蹿鑹镩篡竄窜爨…,18/429
十五删,上平,第七部(元寒删先),uat,般,拔茇跋魃鼥孛荸癶缽钵鉢撥拨餑饽勃脖渤鈸钹鵓鹁絀绌啜惙輟辍撮咄…,1/114
十五删,上平,第七部(元寒删先),un,纶,奔逩賁贲錛锛本苯畚笨飱蟬蝉顫颤舩船舛荈春椿純纯脣淳蒓莼醇鶉鹑…,1/377
一先,下平,第七部(元寒删先),an,孱单膻干潺,安桉氨鞍俺銨铵犴岸按胺案扳班般斑搬頒颁瘢癍阪坂板版蝂闆扮辦办…,5/316
一先,下平,第七部(元寒删先),eng,平穿零胼,浜奔栟崩繃绷迸煸冰兵丙邴秉柄炳餅饼并併並病噌曾層层蹭嘗尝琤偁…,4/766
一先,下平,第七部(元寒删先),iam,婵,覘觇幨嬋蟬蟾諂谄敁掂踮點点坫店玷惦扂墊垫簟鞥尖兼蒹緘缄縑缣殲…,1/220
一先,下平,第七部(元寒删先),ian,蔫钿汧邅前蠲湲扇权毡阡连圆弦仙填瀍棉联滇褊鸢燕拳煎键沿笺娟舷悬扁蜒鄢廛巅澶蹁贤延鹃睊天蜎阗涟涎铅怜田湔坚禅偏籼骞嫣筵牵跣篇萹玄溅妍单颠膻迁莲仟干芊肩狷编焉捐缠县蝉笾研骈千湮然翩虔渊煽边链绵愆跹钱咽犍年搴旃鞭畋涓癣岍蚿鞯便戋佃鳣鲢椽眠鲜烟缘褰员蜷癫,辦办瓣蝙編邊鯿鳊籩煸匾貶贬碥稨藊卞弁汴忭遍辨辮辫辯辩變变禪蟬…,123/581
一先,下平,第七部(元寒删先),iann,骿,艾搬冰兵丙餅饼并併摒成呈城埕程鼎定訂订錠锭囝件健𩟗𫗚京晶經经…,1/92
一先,下平,第七部(元寒删先),iat,咽,憋徶鱉鳖別别彆癶掣撤徹彻澈抶跌迭耊垤昳瓞耋絰绖鱖鳜虢唧即恝揭…,1/153
一先,下平,第七部(元寒删先),iau,祅,詏𬣦杓標标膘瀌瘭鏢镖驃骠飆飙飈飚鑣镳表婊裱錶俵鰾鳔超晁朝嘲潮…,1/417
一先,下平,第七部(元寒删先),in,甄缗,箅篦砭匾貶贬遍瀕濒擯摈殯殡臏膑髕髌鬢鬓稟禀摒嗔瞋臣辰宸陳陈晨…,2/257
一先,下平,第七部(元寒删先),ng,穿,榜本甭倉仓艙舱長长腸肠傳瘡疮牀床創创刺邨村當当鐺铛荡盪段塅緞…,1/157
一先,下平,第七部(元寒删先),oinn,趼,班斑板版辦办蠶蚕睇典橂殿靛反蓋盖還間间剪揀拣襇裥繭茧簡简看蓮…,1/51
一先,下平,第七部(元寒删先),uan,鬈挛铨揎旋筌拳穿璇悛泉还惓镌颛卷遄瑄拴专诠砖传川渊颧漩船翾荃宣痊缘员牷棬全,般搬半伴拌柈絆绊舩傳喘串釧钏汆攛撺躥蹿鑹镩篡竄窜爨皴耑端短段…,37/427
一先,下平,第七部(元寒删先),uann,煎,安鞍按案般搬坂半伴殘残產产丹單撣掸旦憚惮彈弹番販贩杆肝竿秆桿…,1/120
一先,下平,第七部(元寒删先),un,朘竣纯,奔逩賁贲錛锛本苯畚笨飱蟬顫颤舩舛荈春椿純脣淳蒓莼醇鶉鹑蠢邨村…,3/373
二萧,下平,第八部(萧肴豪),a,么,阿錒锕啊拗詏𬣦巴扒叭芭疤粑豝把靶爸耙罷罢霸壩坝灞欛吧骲飽饱趵…,1/239
二萧,下平,第八部(萧肴豪),ak,鹗,雹暴爆㩧北剝剥亳博搏駁驳膊戳錯错毒獨独讀读度踱鐸铎恶堊垩鄂惡…,1/199
二萧,下平,第八部(萧肴豪),au,嚣哨枵猫陶鸮洮麃,凹敖𠢕嶅遨嗷廒獒熬聱螯翱鏖鰲鳌媼媪襖袄坳拗奡傲奧奥隩嶴岙澳懊…,8/488
二萧,下平,第八部(萧肴豪),iak,杓,蘗綽绰菔皭爵嚼撂掠略淖臬鎳镍虐瘧疟怯卻却雀鵲鹊若弱婼蒻箬篛勺…,1/180
二萧,下平,第八部(萧肴豪),iau,苕遥招飘苗调轿寥腰荍硝谯窑条描超聊燎嚣逍峤媱挢瓢翛消樵要辽瑶跷峣桡椒饶螵撩销憔枭痟𫏋蕉繇么翘标嫖獠飙貂镳僚飖刁料骄谣鹩镣乔娆髫挑寮骁邀哓侨霄鹪珧膘佻橇廖杓昭蛲缭蟏烧剽嘹娇朝妖焦鲷蛸漂鸮侥摇鳐箫跳迢雕夭桥铫浇鹞萧瀌尧潮薸蜩韶凋宵了潦绡祧岧姚荞荛潇矫钊劭,詏𬣦標瘭鏢镖驃骠飆飈飚鑣表婊裱錶俵鰾鳔晁嘲瘳叼汈彫碉鵰鯛弔吊…,125/415
二萧,下平,第八部(萧肴豪),iu,繇,彪滮抽犨仇惆酬稠愁裯綢绸儔俦幬帱疇畴籌筹躊踌讐讎雠丑瞅醜臭稻…,1/325
二萧,下平,第八部(萧肴豪),oh,么,薄舶鉑铂駁驳箔礴觸触踔掇恶厄呃惡愕㕺閤阁閣鶴鹤駱骆落絡络摞犖…,1/73
三肴,下平,第八部(萧肴豪),a,挠,阿錒锕啊拗詏𬣦巴扒叭芭疤粑豝把靶爸耙罷罢霸壩坝灞欛吧骲飽饱趵…,1/231
三肴,下平,第八部(萧肴豪),ap,凹,插扱鍤锸耷搭嗒褡沓剳答溚瘩呷蓋盖鴿鸽蛤合佮頜颌郃盍盒闔阖圾集…,1/124
三肴,下平,第八部(萧肴豪),au,枹胞嘲洨泡苞咆轇脬肴艄犛哮咬跑挠瓟郊爻猇崤呶炮殽包蝥交抛刨钞聱凹匏庖淆麃茅鲛佼巢铙坳,敖𠢕嶅遨嗷廒獒熬螯翱鏖鰲鳌媼媪襖袄拗奡傲奧奥隩嶴岙澳懊鏊驁骜…,42/483
三肴,下平,第八部(萧肴豪),i,犛,稗陂卑背悲碑被備备鞁憊惫鞴賁贲屄腟鼻匕疕比妣彼秕俾鄙魮𱇒庇畀…,1/961
三肴,下平,第八部(萧肴豪),iau,蛟硗教嘲茭剿抓啁咬筲姣窅郊稍胶交蛸敲梢鞘捎鲛佼,詏𬣦杓標标膘瀌瘭鏢镖驃骠飆飙飈飚鑣镳表婊裱錶俵鰾鳔超晁朝潮瘳…,23/417
三肴,下平,第八部(萧肴豪),iu,鸼啁掊,彪滮抽犨仇惆酬稠愁裯綢绸儔俦幬帱疇畴籌筹躊踌讐讎雠丑瞅醜臭稻…,3/326
三肴,下平,第八部(萧肴豪),ua,抓,貝贝播簸大帶带舵蓋盖歌呱瓜卦挂掛罣罫褂禾何和龢花華华嘩哗鏵铧…,1/119
三肴,下平,第八部(萧肴豪),ui,掊,杯卑背椑悲貝贝倍狽狈悖焙蓓碚誖輩辈扯𠡒揣膗踹膪圌吹炊垂陲捶搥…,1/463
四豪,下平,第八部(萧肴豪),a,蟧挠,阿錒锕啊拗詏𬣦巴扒叭芭疤粑豝把靶爸耙罷罢霸壩坝灞欛吧骲飽饱趵…,2/237
四豪,下平,第八部(萧肴豪),am,掺,癌庵盦諳谙闇鵪鹌揞暗黯叄叁參参驂骖慚惭慙蠶蚕慘惨憯岑涔摻攙搀…,1/229
四豪,下平,第八部(萧肴豪),au,毫刀滔翱羔嗷号豪猱嚣蒿櫜叨芼嗥敖缫褒糟忉尻搔槔挠臊旄桃髦捞淘漕鳌骜唠骚萄焘韬遨啕毛獒栲皋陶膏绦螯涛操槽醄饕嘈鏊掏曹螬鏖濠熬痨高逃涝篙牢袍洮牦劳糕薅遭壕,凹𠢕嶅廒聱鰲媼媪襖袄坳拗奡傲奧奥隩嶴岙澳懊驁包苞孢枹胞煲雹保…,75/489
四豪,下平,第八部(萧肴豪),i,牦,稗陂卑背悲碑被備备鞁憊惫鞴賁贲屄腟鼻匕疕比妣彼秕俾鄙魮𱇒庇畀…,1/961
四豪,下平,第八部(萧肴豪),iau,嚣挑醪,詏𬣦杓標标膘瀌瘭鏢镖驃骠飆飙飈飚鑣镳表婊裱錶俵鰾鳔超晁朝嘲潮…,3/416
四豪,下平,第八部(萧肴豪),iu,猱帱咎绸裯,彪滮抽犨仇惆酬稠愁綢儔俦幬疇畴籌筹躊踌讐讎雠丑瞅醜臭稻丟丢銩…,5/325
四豪,下平,第八部(萧肴豪),o,曹,阿襖袄薄保寶宝抱報报陂波玻菠播嶓跛簸啵糙草初鋤锄楚礎础搓磋矬…,1/366
四豪,下平,第八部(萧肴豪),ou,艘,煲哺補补布步部埠踄簿愁廚厨觕湊凑腠輳辏粗醋都唗兜篼抖枓陡蚪斗…,1/355
四豪,下平,第八部(萧肴豪),ua,淘,貝贝播簸大帶带舵蓋盖歌呱瓜卦挂掛罣罫褂禾何和龢花華华嘩哗鏵铧…,1/119
五歌,下平,第九部(歌戈),a,莎他搓么嵯伽哪蹉那瘥,錒锕啊拗詏𬣦巴扒叭芭疤粑豝把靶爸耙罷罢霸壩坝灞欛吧骲飽饱趵豹…,10/237
五歌,下平,第九部(歌戈),e,些,嗄扒把爸耙唄呗廁厕叉扠杈茶查差儕侪車车硨砗扯尺爹父華华藉籍加…,1/155
五歌,下平,第九部(歌戈),i,陂劘,稗卑背悲碑被備备鞁憊惫鞴賁贲屄腟鼻匕疕比妣彼秕俾鄙魮𱇒庇畀痺…,2/961
五歌,下平,第九部(歌戈),ia,迦瘸枷伽茄,才車车硨砗爹藉籍徛寄加佳珈痂家耞笳袈葭跏傢嘉斝賈贾檟槚价架嫁…,5/138
五歌,下平,第九部(歌戈),ian,献,辦办瓣萹蝙編编鞭邊边鯿鳊籩笾煸扁匾貶贬碥稨褊藊卞弁汴忭便遍辨…,1/581
五歌,下平,第九部(歌戈),iau,么,詏𬣦杓標标膘瀌瘭鏢镖驃骠飆飙飈飚鑣镳表婊裱錶俵鰾鳔超晁朝嘲潮…,1/417
五歌,下平,第九部(歌戈),io,伽茄,標标膘鏢镖鑣镳表裱錶俵鰾鳔掉椒蕉叫藠轎轿掯撩描瞄廟庙尿薸票漂…,2/77
五歌,下平,第九部(歌戈),iu,囮,彪滮抽犨仇惆酬稠愁裯綢绸儔俦幬帱疇畴籌筹躊踌讐讎雠丑瞅醜臭稻…,1/326
五歌,下平,第九部(歌戈),o,嶓莪窝梭皤驼坡珂牁婆摩锣傩俄磋沱莎阿涡陀囮戈矬科诃蛾窠硪多讹垛何轲歌驮萝跎拖鼍河呵锅磨桫倭骡哥蝌峨螺苛𬶍颇罗菏髁挪逻魔禾娥唆荷鹾柯啰娑和哦鹅锉箩波酡过,襖袄薄保寶宝抱報报玻菠播跛簸啵糙曹槽草初鋤锄楚礎础鹺脞剉挫莝…,75/382
五歌,下平,第九部(歌戈),oh,么,薄舶鉑铂駁驳箔礴觸触踔掇恶厄呃惡愕㕺閤阁閣鶴鹤駱骆落絡络摞犖…,1/72
五歌,下平,第九部(歌戈),ua,颇,貝贝播簸大帶带舵蓋盖呱瓜卦挂掛罣罫褂龢花華华嘩哗鏵铧驊骅化划…,1/110
五歌,下平,第九部(歌戈),uan,番鄱,般搬半伴拌柈絆绊川穿舩船遄椽傳传喘串釧钏汆攛撺躥蹿鑹镩篡竄窜…,2/430
五歌,下平,第九部(歌戈),uann,番,安鞍按案般搬坂半伴殘残產产丹單单撣掸旦憚惮彈弹販贩杆肝竿秆桿…,1/127
五歌,下平,第九部(歌戈),ue,挼瘸捼埚,掰㧳杯揹背貝贝倍狽狈悖被焙蓓碚誖褙輩辈鋇钡菠揣吹炊棰箠兌兑裰…,4/196
五歌,下平,第九部(歌戈),ui,蓑,杯卑背椑悲貝贝倍狽狈悖焙蓓碚誖輩辈扯𠡒揣膗踹膪圌吹炊垂陲捶搥…,1/463
六麻,下平,第十部(麻),a,查疤鸦琶爬渣差衩桠溠砂丫侘葩裟沙巴杷拏豝鲨髽芭嗟茶叉杈纱楂麻铊钯,阿錒锕啊拗詏𬣦扒叭粑把靶爸耙罷罢霸壩坝灞欛吧骲飽饱趵豹礤扠餷…,32/238
六麻,下平,第十部(麻),ai,差涯,哎哀埃挨唉捱皚皑矮藹蔼靄霭艾砹隘𱐿噯嗳嬡嫒𡟓礙碍岸捭擺摆襬拜…,2/356
六麻,下平,第十部(麻),e,哑斜蛇些揶砗车爷耶赊佘爹遮瘕邪奢,嗄扒把爸耙唄呗廁厕扠儕侪車硨扯尺父華藉籍耞傢鎵镓假价架嫁稼價…,16/136
六麻,下平,第十部(麻),i,蛇车,稗陂卑背悲碑被備备鞁憊惫鞴賁贲屄腟鼻匕疕比妣彼秕俾鄙魮𱇒庇畀…,2/960
六麻,下平,第十部(麻),ia,衙虾跏家芽呀珈袈痂霞遐车椰迦琊牙葭枷加笳茄嘉瑕,才車硨伽藉籍徛寄佳耞傢斝賈贾檟槚价架嫁稼價駕驾姐褯咖令喏奇跂…,23/126
六麻,下平,第十部(麻),iau,抓了,詏𬣦杓標标膘瀌瘭鏢镖驃骠飆飙飈飚鑣镳表婊裱錶俵鰾鳔超晁朝嘲潮…,2/417
六麻,下平,第十部(麻),io,靴茄,標标膘鏢镖鑣镳表裱錶俵鰾鳔掉伽椒蕉叫藠轎轿掯撩描瞄廟庙尿薸票…,2/77
六麻,下平,第十部(麻),o,划蟆哆挝娲,阿襖袄薄保寶宝抱報报陂波玻菠播嶓跛簸啵糙曹槽草初鋤锄楚礎础搓…,5/383
六麻,下平,第十部(麻),u,苴祖呱涂吾污罝,煲烳逋晡捕哺補补布步佈怖部埠簿肏誧𰵩䯙初樗除芻刍滁蜍鋤锄廚厨…,7/726
六麻,下平,第十部(麻),ua,划哗窊蛙抓哇花洼骅蜗娃瓜呱桦夸华胯,貝贝播簸大帶带舵蓋盖歌卦挂掛罣罫褂禾何和龢華嘩鏵铧驊化畫画話…,17/113
六麻,下平,第十部(麻),uan,锻,般搬半伴拌柈絆绊川穿舩船遄椽傳传喘串釧钏汆攛撺躥蹿鑹镩篡竄窜…,1/430
六麻,下平,第十部(麻),uann,挝,安鞍按案般搬坂半伴殘残產产丹單单撣掸旦憚惮彈弹番販贩杆肝竿秆…,1/127
六麻,下平,第十部(麻),uek,划,嘓啯國国劃或惑獲获湨役疫域穫蠖鑊矱棫蜮…,1/20
六麻,下平,第十部(麻),ur,畬差,車哧茌遲迟除鋤锄呲疵跐茨祠瓷詞词慈磁雌糍辭辞鶿鹚鷀此泚次伺刺…,2/307
七阳,下平,第二部(江阳唐),ang,锵跄刚怆磅藏芒邙奘汤玱亢桁狼当鸧唐滂棠恇镗堂航稂铛琅彷榔慷苍阆行丧洭傍螃螂浪砀旁纲帮冈钢杭忙螗赃廊康塘铓囊郎茫膀桑搪臧珰溏劻吭裆疮沧仓创螳颃,骯肮昂邦梆浜幫綁绑榜蚌棒蒡稖謗谤崩繃绷甏蹦倉蒼滄艙舱鶬蕆蒇傖…,70/502
七阳,下平,第二部(江阳唐),au,昴,凹敖𠢕嶅遨嗷廒獒熬聱螯翱鏖鰲鳌媼媪襖袄坳拗奡傲奧奥隩嶴岙澳懊…,1/491
七阳,下平,第二部(江阳唐),eng,庆瞠桁行彭饧,浜奔栟崩繃绷迸煸冰兵丙邴秉柄炳餅饼并併並病噌曾層层蹭嘗琤偁稱…,6/768
七阳,下平,第二部(江阳唐),iang,徜尝璋墙枪樟浆疡勷翔嫜徉旸相扬张蔷秧樯瓤涨阊攘泱详苌粱阳菖抢襄彰羊长香商湘乡倡螀洋僵禳缰场踉骧将瀼良杨怏肠鸯炀蒋昌穰裳伤障强觞蜣镶凉箱庠戕鲳常伥娘偿量鞅飏粮猖霜鲿呛佯梁漳殇厢章殃姜央祥羌嫱疆,倀娼閶鯧長萇場腸嘗嫦嚐償鱨昶敞廠厂氅鬯唱悵怅暢畅騁骋愓𰐿江將…,95/545
七阳,下平,第二部(江阳唐),ng,瓤莨,榜本甭倉艙舱長腸川穿傳传瘡牀創刺邨村當鐺荡盪段塅緞缎斷断頓顿…,2/129
七阳,下平,第二部(江阳唐),ong,磅膀,盎幫蚌鎊镑甭泵窗囱幢匆蔥葱聰聪驄骢淙琮蕩荡冬東东咚氡蝀鼕董懂…,2/305
七阳,下平,第二部(江阳唐),uang,钫妆忘狂亡妨装湟洸肪望荒眶坊隍床匡孀桄邡潢黄璜芳胱光防惶篁凰皇汪庄簧肓王筐房煌慌蝗枋霜徨喤遑方,牀噇闖闯鈁仿昉倣舫紡纺訪访髣放封風风瘋疯觥銧𰽵廣广逛黌黉塃黃…,47/385
八庚,下平,第十一部(庚青蒸),ang,盲桁伧珩铛行氓榜趟绷,骯肮昂邦梆浜幫帮綁绑膀蚌棒傍蒡稖磅謗谤崩繃甏蹦倉仓蒼苍滄沧艙…,10/514
八庚,下平,第十一部(庚青蒸),eng,平猩怦橙更耕瞠瑛令盛蛏明鹒甍澎评硼盲桁姘横荆怔撄勍羹棚鲭洺蜻京婴顷争衡甥枰桢璎成琤鹦旌黥祯精盟莺行睛蟛菁生征狰呈倾程罃茎牲柽擎撑清铮晟晴并缨赓烹轻苹霙笙坑抨萌贞筝声兵樱嘤迎侦诚檠鸣城卿彭酲名晶丁枨瘿庚砰狞鲸膨惊情钲绷赪英坪瞪峥罂正栟饧亨,浜奔崩繃迸煸冰丙邴秉柄炳餅饼併並病噌曾層层蹭嘗尝偁稱称撐赬檉…,118/769
八庚,下平,第十一部(庚青蒸),enn,楹,把柄病撐蹬賡鶊埂哽梗綆绠骾鯁鲠勁劲粳經经井阱剄刭頸颈逕迳徑径…,1/66
八庚,下平,第十一部(庚青蒸),ia,令,才車车硨砗爹伽藉籍徛寄加佳迦珈枷痂家耞笳袈葭跏傢嘉斝賈贾檟槚…,1/136
八庚,下平,第十一部(庚青蒸),ian,铿,辦办瓣萹蝙編编鞭邊边鯿鳊籩笾煸扁匾貶贬碥稨褊藊卞弁汴忭便遍辨…,1/569
八庚,下平,第十一部(庚青蒸),iang,枪,昌倀伥菖猖娼閶阊鯧鲳長长萇苌常徜場场腸肠嘗尝嫦嚐償偿鱨鲿昶敞…,1/546
八庚,下平,第十一部(庚青蒸),in,振骍,箅篦砭匾貶贬便遍瀕濒擯摈殯殡臏膑髕髌鬢鬓稟禀摒嗔瞋臣辰宸陳陈…,2/271
八庚,下平,第十一部(庚青蒸),iong,嬴兄赢营,冲充沖忡茺翀舂衝憧艟崇蟲虫寵宠銃铳蓯苁樅枞從从叢丛弓供恭躬宮…,4/171
八庚,下平,第十一部(庚青蒸),ong,泓訇轰宏,盎幫帮膀蚌磅鎊镑甭泵窗囱幢匆蔥葱聰聪驄骢淙琮蕩荡冬東东咚氡蝀…,4/306
八庚,下平,第十一部(庚青蒸),u,栩,煲烳逋晡捕哺補补布步佈怖部埠簿肏誧𰵩䯙初樗除芻刍滁蜍鋤锄廚厨…,1/726
八庚,下平,第十一部(庚青蒸),uang,觥黉喤,牀床噇闖闯方邡坊芳枋鈁钫防妨肪房仿昉倣舫紡纺訪访髣放封風风瘋…,3/387
八庚,下平,第十一部(庚青蒸),ueng,嬴横瀛衡蘅茕惸盈,耿橫薨弘憬傾頃煢潁颍穎颖孕永咏詠泳營瑩塋嶸榮滎熒㼆縈螢蠑贏媵…,8/44
九青,下平,第十一部(庚青蒸),ek,幂,隘白百佰柏薄北逼愎煏愊碧薜壁璧襞伯帛舶擘卜蔔冊册側侧策廁厕測…,1/472
九青,下平,第十一部(庚青蒸),eng,蓂猩囹仃醒瞑叮羚瓶蛉腥庭町邢葶宁渟泾冥停龄螟馨铃惺星钉零刑经扃形屏灵玲莛型厅汀亭酃蜓听萍舲娉霆廷瓴铭鸰伶丁婷苓棂硎溟青坰玎陉暝疔泠聆翎,浜奔栟崩繃绷迸煸冰兵丙邴秉柄炳餅饼并併並病噌曾層层蹭嘗尝琤偁…,67/772
九青,下平,第十一部(庚青蒸),in,瓶,箅篦砭匾貶贬便遍瀕濒擯摈殯殡臏膑髕髌鬢鬓稟禀摒嗔瞋臣辰宸陳陈…,1/273
十蒸,下平,第十一部(庚青蒸),eng,憎蝇菱噌冰凌能登藤澂滕丞兢扔称罾惩应澄恒灯崩兴塍层症曾仍升朋征缯承凭鬅簦腾偁棱凝冯蒸矰陞鹰誊鲮僧膺礽甑绳增陵矜胜乘绫楞,浜奔栟繃绷迸煸兵丙邴秉柄炳餅饼并併並病層蹭嘗尝琤稱撐撑赬赪瞠…,59/771
十蒸,下平,第十一部(庚青蒸),i,砅,稗陂卑背悲碑被備备鞁憊惫鞴賁贲屄腟鼻匕疕比妣彼秕俾鄙魮𱇒庇畀…,1/961
十蒸,下平,第十一部(庚青蒸),ian,渑,辦办瓣萹蝙編编鞭邊边鯿鳊籩笾煸扁匾貶贬碥稨褊藊卞弁汴忭便遍辨…,1/580
十蒸,下平,第十一部(庚青蒸),in,渑,箅篦砭匾貶贬便遍瀕濒擯摈殯殡臏膑髕髌鬢鬓稟禀摒嗔瞋臣辰宸陳陈…,1/267
十蒸,下平,第十一部(庚青蒸),iong,扔,冲充沖忡茺翀舂衝憧艟崇蟲虫寵宠銃铳蓯苁樅枞從从叢丛弓供恭躬宮…,1/168
十蒸,下平,第十一部(庚青蒸),ong,鹏朋弘冯薨,盎幫帮膀蚌磅鎊镑甭泵窗囱幢匆蔥葱聰聪驄骢淙琮蕩荡冬東东咚氡蝀…,5/308
十蒸,下平,第十一部(庚青蒸),uai,绘,乖拐𧊅柺夬怪噲哙鮭鲑劊刽徊淮槐懷怀壞坏匯汇會会薈荟澮浍檜桧繪…,1/55
十蒸,下平,第十一部(庚青蒸),uan,肱,般搬半伴拌柈絆绊川穿舩船遄椽傳传喘串釧钏汆攛撺躥蹿鑹镩篡竄窜…,1/430
十蒸,下平,第十一部(庚青蒸),ueng,弘薨,耿橫横衡蘅宏泓憬傾倾頃顷惸煢茕潁颍穎颖孕嬴永咏詠泳營瑩塋嶸榮…,2/48
十一尤,下平,第十二部(尤),au,褛瞀媮枹区蝥矛,凹敖𠢕嶅遨嗷廒獒熬聱螯翱鏖鰲鳌媼媪襖袄坳拗奡傲奧奥隩嶴岙澳懊…,7/454
十一尤,下平,第十二部(尤),i,句,稗陂卑背悲碑被備备鞁憊惫鞴賁贲屄腟鼻匕疕比妣彼秕俾鄙魮𱇒庇畀…,1/961
十一尤,下平,第十二部(尤),iau,调荍啁繇瘳瀌愀,詏𬣦杓標标膘瘭鏢镖驃骠飆飙飈飚鑣镳表婊裱錶俵鰾鳔超晁朝嘲潮刁…,7/414
十一尤,下平,第十二部(尤),iok,涑喌妯,隩畜搐觸触矗戳促馥寂腳脚匊掬鞠鞫局侷菊跼覺觉可克刻氪六陸陆淥…,3/147
十一尤,下平,第十二部(尤),iu,浮鸺瘤呦流侔头秋救抽犹蹂廋周优赒尤州揄筹喌旒求缪咻掫鸠彪帱赇投售鸥眸楸莸泅犨幽緅丘齁阄鸼悠留遒啁球繇绸修囚啾盩鹙畴柔榴舟鳅蝤骝耰稠裘卣刘庥貅蚰逑艽俅鞣惆鲰揉湫琉邮忧酋硫龟浏裯髅纠洲由愁猷罘揪芣牛髹仇疣掊游麀蝣酬愀脩俦收油踌攸羞楼遛蚯虬蒌邱,滮綢儔幬疇籌躊讐讎雠丑瞅醜臭稻丟丢銩铥囮覆龜賄贿究勼糾赳揫鳩…,119/326
十一尤,下平,第十二部(尤),iun,休,臭復幼鵂朽嗅溴糗,1/9
十一尤,下平,第十二部(尤),ok,缪,白百佰柏雹薄暴㩧㿺帛舶鉑铂箔礴卜啵蔔醭簿亍齪龊蔟簇蹙蹴纛督毒…,1/296
十一尤,下平,第十二部(尤),ong,瞀,盎幫帮膀蚌磅鎊镑甭泵窗囱幢匆蔥葱聰聪驄骢淙琮蕩荡冬東东咚氡蝀…,1/303
十一尤,下平,第十二部(尤),ou,陬浮邹侔鍪蛑廋蒐诹溲冓投鸥眸裒搂糇钩偷齁飕沟鞲讴叟搜欧句牟喉谋诌枸髅兜瓯呕猴侯骰篌沤缑篝蒌,煲哺補补布步部埠踄簿廚厨觕湊凑腠輳辏粗醋都唗篼抖枓陡蚪斗豆逗…,45/349
十一尤,下平,第十二部(尤),u,浮褛蝼诹揄𪣻区驺娄篓蝓抠烰桴涪罘蜉偻,煲烳逋晡捕哺補补布步佈怖部埠簿肏誧𰵩䯙初樗除芻刍滁蜍鋤锄廚厨…,18/716
十一尤,下平,第十二部(尤),ui,宄馗龟掊,杯卑背椑悲貝贝倍狽狈悖焙蓓碚誖輩辈扯𠡒揣膗踹膪圌吹炊垂陲捶搥…,4/463
十一尤,下平,第十二部(尤),ur,仔,差車车哧茌遲迟除鋤锄呲疵跐茨祠瓷詞词慈磁雌糍辭辞鶿鹚鷀此泚次…,1/307
十一尤,下平,第十二部(尤),ut,抔不,鈈钚出齣怵黜猝咄柮飿饳芾沸弗佛拂茀彿怫氟祓艴紱绂紼绋髴黻汩骨…,2/114
十二侵,下平,第十三部(侵),am,湛簪掺蟫喑参渗,癌庵盦諳谙闇鵪鹌揞暗黯叄叁參驂骖慚惭慙蠶蚕慘惨憯摻攙搀儳巉讒…,7/224
十二侵,下平,第十三部(侵),iam,椹渗,覘觇幨嬋婵蟬蝉蟾諂谄敁掂踮點点坫店玷惦扂墊垫簟鞥尖兼蒹緘缄縑…,2/218
十二侵,下平,第十三部(侵),im,衾霖音箴斟纴浔谌林歆临芩禽淫任黔砧寻吟蟫骎擒琳心深琴阴忱霪喑𬊈金嵚妊襟钦禁岑窨崟森涔淋沈浸参今衿檎侵琛愔郴壬针,參沉諶酖掂定錦锦妗寖噤啉臨凜凛廩廪懍懔檩賃赁恁鈐钤蕁荨嶔駸噙…,55/157
十三覃,下平,第十四部(覃盐咸),am,戡蟫澹憨南蚕聃痰谭暗谙岚蚶坩堪褴庵探骖甘錾泔函参柑邯淦涵湛龛毵簪酣男含颔盦担贪三潭耽覃疳昙唅郯谈楠篮蓝眈婪,癌諳闇鵪鹌揞黯叄叁參驂慚惭慙蠶慘惨憯岑涔摻掺攙搀儳巉讒谗饞馋…,53/229
十三覃,下平,第十四部(覃盐咸),an,儋,安桉氨鞍俺銨铵犴岸按胺案扳班般斑搬頒颁瘢癍阪坂板版蝂闆扮辦办…,1/317
十三覃,下平,第十四部(覃盐咸),iam,蚺渰,覘觇幨嬋婵蟬蝉蟾諂谄敁掂踮點点坫店玷惦扂墊垫簟鞥尖兼蒹緘缄縑…,2/221
十三覃,下平,第十四部(覃盐咸),im,蟫鸩参,參岑涔郴琛沉忱諶谌酖掂定今金衿襟錦锦妗浸禁寖噤林淋琳啉霖臨临…,3/157
十四盐,下平,第十四部(覃盐咸),am,掺,癌庵盦諳谙闇鵪鹌揞暗黯叄叁參参驂骖慚惭慙蠶蚕慘惨憯岑涔摻攙搀…,1/228
十四盐,下平,第十四部(覃盐咸),an,纤,安桉氨鞍俺銨铵犴岸按胺案扳班般斑搬頒颁瘢癍阪坂板版蝂闆扮辦办…,1/320
十四盐,下平,第十四部(覃盐咸),eng,铃,浜奔栟崩繃绷迸煸冰兵丙邴秉柄炳餅饼并併並病噌曾層层蹭嘗尝琤偁…,1/771
十四盐,下平,第十四部(覃盐咸),enn,餍,把柄病撐撑瞠蹬庚耕賡赓鶊鹒羹埂哽梗綆绠骾鯁鲠更勁劲菁粳經经井…,1/93
十四盐,下平,第十四部(覃盐咸),iam,钳苫潜奁钤蟾鬑盐孅痁阉纤拈添歼占渐詹蚺嫌尖蒹严蠊黏镰餂崦淹檐箝沾恬餍甜觇帘佥阎缣瞻谦霑厌签髯暹兼腌炎廉幨,覘嬋婵蟬蝉諂谄敁掂踮點点坫店玷惦扂墊垫簟鞥緘缄縑殲減减碱儉俭…,52/220
十四盐,下平,第十四部(覃盐咸),im,锓𬊈钤黔挦针,參参岑涔郴琛沉忱諶谌酖掂定今金衿襟錦锦妗浸禁寖噤林淋琳啉霖臨…,6/156
十四盐,下平,第十四部(覃盐咸),in,砭,箅篦匾貶贬便遍瀕濒擯摈殯殡臏膑髕髌鬢鬓稟禀摒嗔瞋臣辰宸陳陈晨…,1/274
十四盐,下平,第十四部(覃盐咸),n,锨,掀鍁昕欣軒轩勛勋勳熏薰曛燻醺殷…,1/16
十五咸,下平,第十四部(覃盐咸),ai,才,哎哀埃挨唉捱皚皑矮藹蔼靄霭艾砹隘𱐿噯嗳嬡嫒𡟓礙碍岸捭擺摆襬拜…,1/356
十五咸,下平,第十四部(覃盐咸),am,嵌谗杉搀掺衔崭喃馋芟巉函监儳衫,癌庵盦諳谙闇鵪鹌揞暗黯叄叁參参驂骖慚惭慙蠶蚕慘惨憯岑涔摻攙讒…,15/227
十五咸,下平,第十四部(覃盐咸),iam,咸岩缄严,覘觇幨嬋婵蟬蝉蟾諂谄敁掂踮點点坫店玷惦扂墊垫簟鞥尖兼蒹緘縑缣…,4/221
十五咸,下平,第十四部(覃盐咸),n,锨,掀鍁昕欣軒轩勛勋勳熏薰曛燻醺殷…,1/16
十五咸,下平,第十四部(覃盐咸),uam,帆凡,釩钒樊礬矾犯氾泛汎范梵範患…,2/15
一董,上声,第一部(东冬钟),iong,苁,冲充沖忡茺翀舂衝憧艟崇蟲虫寵宠銃铳蓯樅枞從从叢丛弓供恭躬宮宫…,1/171
一董,上声,第一部(东冬钟),ong,幪蠓侗唝洞俸总孔汞峒空动懵蒙懂曚笼蓊唪董拢桶恫,盎幫帮膀蚌磅鎊镑甭泵窗囱幢匆蔥葱聰聪驄骢淙琮蕩荡冬東东咚氡蝀…,23/308
一董,上声,第一部(东冬钟),ou,蒙,煲哺補补布步部埠踄簿愁廚厨觕湊凑腠輳辏粗醋都唗兜篼抖枓陡蚪斗…,1/351
二肿,上声,第一部(东冬钟),iong,蛹茸冢怂汹宠巩竦拥拱肿氄勇种甬悚恐垄踊珙冗壅踵陇涌重俑溶耸,冲充沖忡茺翀舂衝憧艟崇蟲虫寵銃铳蓯苁樅枞從从叢丛弓供恭躬宮宫…,29/171
二肿,上声,第一部(东冬钟),ong,奉湩捧,盎幫帮膀蚌磅鎊镑甭泵窗囱幢匆蔥葱聰聪驄骢淙琮蕩荡冬東东咚氡蝀…,3/302
四纸,上声,第三部(支微齐灰),ai,豸箄史滓唉,哎哀埃挨捱皚皑矮藹蔼靄霭艾砹隘𱐿噯嗳嬡嫒𡟓礙碍岸捭擺摆襬拜敗…,5/352
四纸,上声,第三部(支微齐灰),ek,只,隘白百佰柏薄北逼愎煏愊碧薜壁璧襞伯帛舶擘卜蔔冊册側侧策廁厕測…,1/472
四纸,上声,第三部(支微齐灰),eng,征,浜奔栟崩繃绷迸煸冰兵丙邴秉柄炳餅饼并併並病噌曾層层蹭嘗尝琤偁…,1/771
四纸,上声,第三部(支微齐灰),i,鄙弛珥婢俾匜圯迤绮姊芷始俟企屺跂雉指弥畤秕址嚭褫逦眯黹峙旖止己砥俚纸麂屣纪矢被蘼豕蓰枳底玺旨痞比跽舐匕视抵芑咫仳起履娌喜髀埘美紫笫里李杞彼几痔氏枲蚁拟葸坻兕嬉鲤技趾祉否巳靡机沚庀圮妓蟢妣儗徙秭旎齿敉理弭恃你,稗陂卑背悲碑備备鞁憊惫鞴賁贲屄腟鼻疕魮𱇒庇畀痺毖陛狴閉闭敝蓖…,103/954
四纸,上声,第三部(支微齐灰),ian,芊烜,辦办瓣萹蝙編编鞭邊边鯿鳊籩笾煸扁匾貶贬碥稨褊藊卞弁汴忭便遍辨…,2/580
四纸,上声,第三部(支微齐灰),in,矣侈以苡已,箅篦砭匾貶贬便遍瀕濒擯摈殯殡臏膑髕髌鬢鬓稟禀摒嗔瞋臣辰宸陳陈…,5/273
四纸,上声,第三部(支微齐灰),iu,鲔,彪滮抽犨仇惆酬稠愁裯綢绸儔俦幬帱疇畴籌筹躊踌讐讎雠丑瞅醜臭稻…,1/326
四纸,上声,第三部(支微齐灰),o,漯哆,阿襖袄薄保寶宝抱報报陂波玻菠播嶓跛簸啵糙曹槽草初鋤锄楚礎础搓…,2/384
四纸,上声,第三部(支微齐灰),ua,倚花,貝贝播簸大帶带舵蓋盖歌呱瓜卦挂掛罣罫褂禾何和龢華华嘩哗鏵铧驊…,2/117
四纸,上声,第三部(支微齐灰),ue,揣,掰㧳杯揹背貝贝倍狽狈悖焙蓓碚誖褙輩辈鋇钡菠吹炊箠兌兑裰飛飞沸…,1/196
四纸,上声,第三部(支微齐灰),ui,轨髓岿锤觜宄匦蕊癸诔捶萎嶲唯水委桅洧累跪傀揆美跬晷耒揣诡棰垒簋,杯卑背椑悲貝贝倍狽狈悖焙蓓碚誖輩辈扯𠡒膗踹膪圌吹炊垂陲搥槌箠…,31/461
四纸,上声,第三部(支微齐灰),ur,尔迩使俟士涘峙仔纸梓史訾汜子耔驶祀姒仕氏是此市耳死泚耜似呰,差車车哧茌遲迟除鋤锄呲疵跐茨祠瓷詞词慈磁雌糍辭辞鶿鹚鷀次伺刺…,29/305
四纸,上声,第三部(支微齐灰),urn,卺,恩蒽摁根跟哏艮茛痕很狠恨巾斤觔筋巹堇僅仅廑瑾槿謹谨饉馑近劤靳…,1/63
五尾,上声,第三部(支微齐灰),i,亹唏扆岂虮尾几蚁,稗陂卑背悲碑被備备鞁憊惫鞴賁贲屄腟鼻匕疕比妣彼秕俾鄙魮𱇒庇畀…,8/961
五尾,上声,第三部(支微齐灰),io,靴,標标膘鏢镖鑣镳表裱錶俵鰾鳔掉伽椒蕉叫藠轎轿掯撩描瞄廟庙尿薸票…,1/77
五尾,上声,第三部(支微齐灰),u,猪,煲烳逋晡捕哺補补布步佈怖部埠簿肏誧𰵩䯙初樗除芻刍滁蜍鋤锄廚厨…,1/726
五尾,上声,第三部(支微齐灰),ui,纬娓韪伟悱鬼菲蜰斐炜玮尾苇卉,杯卑背椑悲貝贝倍狽狈悖焙蓓碚誖輩辈扯𠡒揣膗踹膪圌吹炊垂陲捶搥…,14/462
五尾,上声,第三部(支微齐灰),uin,棐榧匪,縣櫃匱毀譭燬誹,3/10
五尾,上声,第三部(支微齐灰),uinn,蜚虺,,2/2
六语,上声,第四部(鱼虞模),eng,宁,浜奔栟崩繃绷迸煸冰兵丙邴秉柄炳餅饼并併並病噌曾層层蹭嘗尝琤偁…,1/772
六语,上声,第四部(鱼虞模),eu,杼伫贮,初㧕苧梳疏絮佇貯,3/11
六语,上声,第四部(鱼虞模),i,旅去语苣御莒膂榉秬吕讵距巨侣许茹女举拒炬予,稗陂卑背悲碑被備备鞁憊惫鞴賁贲屄腟鼻匕疕比妣彼秕俾鄙魮𱇒庇畀…,21/961
六语,上声,第四部(鱼虞模),ia,衙,才車车硨砗爹伽藉籍徛寄加佳迦珈枷痂家耞笳袈葭跏傢嘉斝賈贾檟槚…,1/138
六语,上声,第四部(鱼虞模),iak,著,杓蘗綽绰菔皭爵嚼撂掠略淖臬鎳镍虐瘧疟怯卻却雀鵲鹊若弱婼蒻箬篛…,1/180
六语,上声,第四部(鱼虞模),inn,圉,編编鞭邊边扁便遍辮辫變变纏缠碱見见箭棉綿绵面麪麵拈年偏片薺荠…,1/63
六语,上声,第四部(鱼虞模),o,阻楚俎所础诅,阿襖袄薄保寶宝抱報报陂波玻菠播嶓跛簸啵糙曹槽草初鋤锄礎搓磋矬…,6/384
六语,上声,第四部(鱼虞模),u,叙苎湑黍杼褚龉苴墅渚鼠圄糈处楮抒浒沮纾暑龃咀茹绪序杵疽汝诅煮溆,煲烳逋晡捕哺補补布步佈怖部埠簿肏誧𰵩䯙初樗除芻刍滁蜍鋤锄廚厨…,31/725
六语,上声,第四部(鱼虞模),ur,与许柜屿,差車车哧茌遲迟除鋤锄呲疵跐茨祠瓷詞词慈磁雌糍辭辞鶿鹚鷀此泚次…,4/287
七麌,上声,第四部(鱼虞模),am,淦,癌庵盦諳谙闇鵪鹌揞暗黯叄叁參参驂骖慚惭慙蠶蚕慘惨憯岑涔摻掺攙…,1/229
七麌,上声,第四部(鱼虞模),ang,莽,骯肮昂邦梆浜幫帮綁绑榜膀蚌棒傍蒡稖磅謗谤崩繃绷甏蹦倉仓蒼苍滄…,1/518
七麌,上声,第四部(鱼虞模),au,褛姥,凹敖𠢕嶅遨嗷廒獒熬聱螯翱鏖鰲鳌媼媪襖袄坳拗奡傲奧奥隩嶴岙澳懊…,2/486
七麌,上声,第四部(鱼虞模),i,雨窭否矩,稗陂卑背悲碑被備备鞁憊惫鞴賁贲屄腟鼻匕疕比妣彼秕俾鄙魮𱇒庇畀…,4/961
七麌,上声,第四部(鱼虞模),ia,贾,才車车硨砗爹伽藉籍徛寄加佳迦珈枷痂家耞笳袈葭跏傢嘉斝賈檟槚价…,1/138
七麌,上声,第四部(鱼虞模),iu,咻蒌,彪滮抽犨仇惆酬稠愁裯綢绸儔俦幬帱疇畴籌筹躊踌讐讎雠丑瞅醜臭稻…,2/325
七麌,上声,第四部(鱼虞模),o,噢孥砮,阿襖袄薄保寶宝抱報报陂波玻菠播嶓跛簸啵糙曹槽草初鋤锄楚礎础搓…,3/379
七麌,上声,第四部(鱼虞模),ok,簿,白百佰柏雹薄暴㩧㿺帛舶鉑铂箔礴卜啵蔔醭亍齪龊蔟簇蹙蹴纛督毒獨…,1/297
七麌,上声,第四部(鱼虞模),ong,牡,盎幫帮膀蚌磅鎊镑甭泵窗囱幢匆蔥葱聰聪驄骢淙琮蕩荡冬東东咚氡蝀…,1/306
七麌,上声,第四部(鱼虞模),ou,剖牡仵溇某枸蒌,煲哺補布步埠踄愁廚厨觕湊凑腠輳辏粗醋都唗兜篼抖枓陡蚪斗豆逗鬥…,7/318
七麌,上声,第四部(鱼虞模),u,祜怃武𬣙古午庾褛抚树聚圃栩杜部昫琥妩呜雨亩吐腐斧伍诂愈数苦鹉户虎堵迕贾簿羖罟麈龋瞽父禹沪土虏拄橹篓盬谱溥黼努腑牯鼓莆脯拊扈组府浒嵝庑取祖俯五侮羽柱乳补辅主甫母瘐邬鄠肚普赌蛊炷弩伛竖鲁岵怙估诩姥卤舞妪煦偻浦怒缕釜碔宇股,煲烳逋晡捕哺補布步佈怖埠肏誧𰵩䯙初樗除芻刍滁蜍鋤锄廚厨躇雛雏…,108/725
七麌,上声,第四部(鱼虞模),ui,缶每,杯卑背椑悲貝贝倍狽狈悖焙蓓碚誖輩辈扯𠡒揣膗踹膪圌吹炊垂陲捶搥…,2/463
七麌,上声,第四部(鱼虞模),ur,蒟踽,差車车哧茌遲迟除鋤锄呲疵跐茨祠瓷詞词慈磁雌糍辭辞鶿鹚鷀此泚次…,2/306
八荠,上声,第三部(支微齐灰),ai,奶,哎哀埃挨唉捱皚皑矮藹蔼靄霭艾砹隘𱐿噯嗳嬡嫒𡟓礙碍岸捭擺摆襬拜…,1/356
八荠,上声,第三部(支微齐灰),ek,昵,隘白百佰柏薄北逼愎煏愊碧薜壁璧襞伯帛舶擘卜蔔冊册側侧策廁厕測…,1/472
八荠,上声,第三部(支微齐灰),i,坻缇鲚砥启邸醍礼济澧蠡柢米泥体髀娣洗荠陛底綮涕弟悌递弥诋棨睨氐醴眯抵,稗陂卑背悲碑被備备鞁憊惫鞴賁贲屄腟鼻匕疕比妣彼秕俾鄙魮𱇒庇畀…,34/960
八荠,上声,第三部(支微齐灰),ian,洗,辦办瓣萹蝙編编鞭邊边鯿鳊籩笾煸扁匾貶贬碥稨褊藊卞弁汴忭便遍辨…,1/581
八荠,上声,第三部(支微齐灰),oih,挤,八捌拔擠裌夹夾莢荚節节截笠塞俠侠狹狭楔挾挟意𩐅…,1/24
八荠,上声,第三部(支微齐灰),ur,泚,差車车哧茌遲迟除鋤锄呲疵跐茨祠瓷詞词慈磁雌糍辭辞鶿鹚鷀此次伺…,1/308
九蟹,上声,第五部(佳灰),a,洒罢,阿錒锕啊拗詏𬣦巴扒叭芭疤粑豝把靶爸耙罷霸壩坝灞欛吧骲飽饱趵豹…,2/239
九蟹,上声,第五部(佳灰),ai,奶豸蟹洒矮挨解摆楷骇买,哎哀埃唉捱皚皑藹蔼靄霭艾砹隘𱐿噯嗳嬡嫒𡟓礙碍岸捭擺襬拜敗败稗…,11/356
九蟹,上声,第五部(佳灰),o,伙,阿襖袄薄保寶宝抱報报陂波玻菠播嶓跛簸啵糙曹槽草初鋤锄楚礎础搓…,1/384
九蟹,上声,第五部(佳灰),ua,罫,貝贝播簸大帶带舵蓋盖歌呱瓜卦挂掛罣褂禾何和龢花華华嘩哗鏵铧驊…,1/119
九蟹,上声,第五部(佳灰),uai,拐,乖𧊅柺夬怪噲哙鮭鲑劊刽徊淮槐懷怀壞坏匯汇會会薈荟澮浍檜桧繪绘…,1/55
九蟹,上声,第五部(佳灰),uat,撮,拔茇跋魃鼥般孛荸癶缽钵鉢撥拨餑饽勃脖渤鈸钹鵓鹁絀绌啜惙輟辍咄…,1/114
十贿,上声,第五部(佳灰),ai,迨闿海宰醢鼐叇阂亥颏殆改铠怠垲彩待采欸载凯乃恺骀在,哎哀埃挨唉捱皚皑矮藹蔼靄霭艾砹隘𱐿噯嗳嬡嫒𡟓礙碍岸捭擺摆襬拜…,25/356
十贿,上声,第五部(佳灰),i,诒,稗陂卑背悲碑被備备鞁憊惫鞴賁贲屄腟鼻匕疕比妣彼秕俾鄙魮𱇒庇畀…,1/961
十贿,上声,第五部(佳灰),ian,浼,辦办瓣萹蝙編编鞭邊边鯿鳊籩笾煸扁匾貶贬碥稨褊藊卞弁汴忭便遍辨…,1/581
十贿,上声,第五部(佳灰),o,瘰,阿襖袄薄保寶宝抱報报陂波玻菠播嶓跛簸啵糙曹槽草初鋤锄楚礎础搓…,1/383
十贿,上声,第五部(佳灰),uai,隗块汇,乖拐𧊅柺夬怪噲哙鮭鲑劊刽徊淮槐懷怀壞坏匯會会薈荟澮浍檜桧繪绘…,3/55
十贿,上声,第五部(佳灰),ui,隗喂倍馁贿蓓磊悔嵬儡痱璀傀痿汇腿蕾欸猥每罪,杯卑背椑悲貝贝狽狈悖焙碚誖輩辈扯𠡒揣膗踹膪圌吹炊垂陲捶搥棰槌…,21/463
十一轸,上声,第六部(真文元),ian,冁愍悯畛诊哂肾缜闵轸疹矧敏黾,辦办瓣萹蝙編编鞭邊边鯿鳊籩笾煸扁匾貶贬碥稨褊藊卞弁汴忭便遍辨…,14/581
十一轸,上声,第六部(真文元),im,讱忍朕,參参岑涔郴琛沉忱諶谌酖掂定今金衿襟錦锦妗浸禁寖噤林淋琳啉霖臨…,3/157
十一轸,上声,第六部(真文元),in,泯嶙尽赈蚓荩蜃引膑牝紧,箅篦砭匾貶贬便遍瀕濒擯摈殯殡臏髕髌鬢鬓稟禀摒嗔瞋臣辰宸陳陈晨…,11/274
十一轸,上声,第六部(真文元),un,允陨胗狁囷吮盾菌纯殒准笋蠢隼涢窘,奔逩賁贲錛锛本苯畚笨飱蟬蝉顫颤舩船舛荈春椿純脣淳蒓莼醇鶉鹑邨…,16/375
十一轸,上声,第六部(真文元),urn,尹,恩蒽摁根跟哏艮茛痕很狠恨巾斤觔筋卺巹堇僅仅廑瑾槿謹谨饉馑近劤…,1/63
十一轸,上声,第六部(真文元),ut,窘,不鈈钚出齣怵黜猝咄柮飿饳芾沸弗佛拂茀彿怫氟祓艴紱绂紼绋髴黻汩…,1/114
十二吻,上声,第六部(真文元),eng,听,浜奔栟崩繃绷迸煸冰兵丙邴秉柄炳餅饼并併並病噌曾層层蹭嘗尝琤偁…,1/766
十二吻,上声,第六部(真文元),in,龀隐殷,箅篦砭匾貶贬便遍瀕濒擯摈殯殡臏膑髕髌鬢鬓稟禀摒嗔瞋臣辰宸陳陈…,3/274
十二吻,上声,第六部(真文元),un,粉吻恽抆愤忿蕴酝刎揾韫缊坟,奔逩賁贲錛锛本苯畚笨飱蟬蝉顫颤舩船舛荈春椿純纯脣淳蒓莼醇鶉鹑…,13/377
十二吻,上声,第六部(真文元),urn,瑾槿近堇谨卺,恩蒽摁根跟哏艮茛痕很狠恨巾斤觔筋巹僅仅廑謹饉馑劤靳殣覲觐均鈞…,6/61
十三阮,上声,第七部(元寒删先),an,阪,安桉氨鞍俺銨铵犴岸按胺案扳班般斑搬頒颁瘢癍坂板版蝂闆扮辦办便…,1/319
十三阮,上声,第七部(元寒删先),ian,堰仙鄢蹇宛蝘娩鼹远晚𪩘圈阮犍烜偃,辦办瓣萹蝙編编鞭邊边鯿鳊籩笾煸扁匾貶贬碥稨褊藊卞弁汴忭便遍辨…,16/581
十三阮,上声,第七部(元寒删先),uan,绻反返卷饭挽蜿琬苑晚畹沅谖圈阮婉,般搬半伴拌柈絆绊川穿舩船遄椽傳传喘串釧钏汆攛撺躥蹿鑹镩篡竄窜…,16/428
十三阮,上声,第七部(元寒删先),uh,腯,哱欻鶻鹘呴焌窟噗入射吸㰵嘬…,1/14
十三阮,上声,第七部(元寒删先),un,损畚梱混笨滚稳本忖捆衮撙遁绲鲧盾鳟懑辊阃焜浑沌棍囤悃壸,奔逩賁贲錛锛苯飱蟬蝉顫颤舩船舛荈春椿純纯脣淳蒓莼醇鶉鹑蠢邨村…,27/377
十三阮,上声,第七部(元寒删先),urn,很龈垦恳,恩蒽摁根跟哏艮茛痕狠恨巾斤觔筋卺巹堇僅仅廑瑾槿謹谨饉馑近劤靳…,4/63
十三阮,上声,第七部(元寒删先),ut,菀,不鈈钚出齣怵黜猝咄柮飿饳芾沸弗佛拂茀彿怫氟祓艴紱绂紼绋髴黻汩…,1/114
十四旱,上声,第七部(元寒删先),an,坦悍缓谰诞蜑懒侃秆趱罕散袒旱伞亶但,安桉氨鞍俺銨铵犴岸按胺案扳班般斑搬頒颁瘢癍阪坂板版蝂闆扮辦办…,17/319
十四旱,上声,第七部(元寒删先),iang,厂,昌倀伥菖猖娼閶阊鯧鲳長长萇苌常徜場场腸肠嘗尝嫦嚐償偿鱨鲿昶敞…,1/546
十四旱,上声,第七部(元寒删先),uan,琯缵缓算伴断暖莞脘款浣餪纂管馆缎卵短盥满拌逭,般搬半柈絆绊川穿舩船遄椽傳传喘串釧钏汆攛撺躥蹿鑹镩篡竄窜爨皴…,22/427
十四旱,上声,第七部(元寒删先),un,懑,奔逩賁贲錛锛本苯畚笨飱蟬蝉顫颤舩船舛荈春椿純纯脣淳蒓莼醇鶉鹑…,1/376
十五潸,上声,第七部(元寒删先),am,羼,癌庵盦諳谙闇鵪鹌揞暗黯叄叁參参驂骖慚惭慙蠶蚕慘惨憯岑涔摻掺攙…,1/229
十五潸,上声,第七部(元寒删先),an,限蝂赧阪潸板拣产铲盏浐汕眼版,安桉氨鞍俺銨铵犴岸按胺案扳班般斑搬頒颁瘢癍坂闆扮辦办便餐殘残…,14/317
十五潸,上声,第七部(元寒删先),ian,限栈柬简眼,辦办瓣萹蝙編编鞭邊边鯿鳊籩笾煸扁匾貶贬碥稨褊藊卞弁汴忭便遍辨…,5/581
十五潸,上声,第七部(元寒删先),uan,莞皖撰绾睆馔,般搬半伴拌柈絆绊川穿舩船遄椽傳传喘串釧钏汆攛撺躥蹿鑹镩篡竄窜…,6/429
十六铣,上声,第七部(元寒删先),an,单趁笕,安桉氨鞍俺銨铵犴岸按胺案扳班般斑搬頒颁瘢癍阪坂板版蝂闆扮辦办…,3/318
十六铣,上声,第七部(元寒删先),eng,蜓,浜奔栟崩繃绷迸煸冰兵丙邴秉柄炳餅饼并併並病噌曾層层蹭嘗尝琤偁…,1/770
十六铣,上声,第七部(元寒删先),i,洗,稗陂卑背悲碑被備备鞁憊惫鞴賁贲屄腟鼻匕疕比妣彼秕俾鄙魮𱇒庇畀…,1/961
十六铣,上声,第七部(元寒删先),iam,撚,覘觇幨嬋婵蟬蝉蟾諂谄敁掂踮點点坫店玷惦扂墊垫簟鞥尖兼蒹緘缄縑…,1/221
十六铣,上声,第七部(元寒删先),ian,兖浅泫邅践遣褊辩键颤黾扁藓蜒蹇谫铉碥演显蜎娩匾谳饯犬辫跣萹单殄宴辗狷趁栈缱捵典𪾢衍膳畎岘鳝餮翦𪩘沔剪钱冕谝燹蒇戬免搴眄腆展辇癣琏湎筅勉缅洗辨善件稨茧铣鲜阐蚬墡沴,辦办瓣蝙編编鞭邊边鯿鳊籩笾煸貶贬藊卞弁汴忭便遍辮辯變变廛澶禪…,80/581
十六铣,上声,第七部(元寒删先),ng,蝡,榜本甭倉仓艙舱長长腸肠川穿傳传瘡疮牀床創创刺邨村當当鐺铛荡盪…,1/159
十六铣,上声,第七部(元寒删先),oinn,趼,班斑板版辦办蠶蚕睇佃橂殿靛反蓋盖還还肩間间揀拣襇裥繭簡简看蓮…,1/55
十六铣,上声,第七部(元寒删先),uan,喘卷脔娈软选撰转篆,般搬半伴拌柈絆绊川穿舩船遄椽傳传串釧钏汆攛撺躥蹿鑹镩篡竄窜爨…,9/430
十六铣,上声,第七部(元寒删先),un,吮荈舛隽,奔逩賁贲錛锛本苯畚笨飱蟬蝉顫舩船春椿純纯脣淳蒓莼醇鶉鹑蠢邨村…,4/376
十七筱,上声,第八部(萧肴豪),au,晁麃少,凹敖𠢕嶅遨嗷廒獒熬聱螯翱鏖鰲鳌媼媪襖袄坳拗奡傲奧奥隩嶴岙澳懊…,3/489
十七筱,上声,第八部(萧肴豪),iau,窕淼硗绕扰嬲鳔绍燎窈挢剿渺鸟兆筱𫏋杳杪标僚茑窅娆殍小挑肇晓缈膘佻沼昭表缭眇蓼悄缴娇皎晁皦袅侥旐夭赵缥舀掉秒藐愀了少矫,詏𬣦杓標瀌瘭鏢镖驃骠飆飙飈飚鑣镳婊裱錶俵鰾超朝嘲潮瘳刁叼汈凋…,58/416
十七筱,上声,第八部(萧肴豪),iu,湫愀,彪滮抽犨仇惆酬稠愁裯綢绸儔俦幬帱疇畴籌筹躊踌讐讎雠丑瞅醜臭稻…,2/326
十七筱,上声,第八部(萧肴豪),ou,𫍲,煲哺補补布步部埠踄簿愁廚厨觕湊凑腠輳辏粗醋都唗兜篼抖枓陡蚪斗…,1/355
十八巧,上声,第八部(萧肴豪),a,挠,阿錒锕啊詏𬣦巴扒叭芭疤粑豝把靶爸耙罷罢霸壩坝灞欛吧骲飽趵豹礤…,1/231
十八巧,上声,第八部(萧肴豪),au,鲍狡卯铰泖咬茆挠饱炒拗昴绞佼,凹敖𠢕嶅遨嗷廒獒熬聱螯翱鏖鰲鳌媼媪襖袄坳奡傲奧奥隩嶴岙澳懊鏊…,14/491
十八巧,上声,第八部(萧肴豪),iau,抓稍狡搅铰咬獠爪姣巧绞佼,詏𬣦杓標标膘瀌瘭鏢镖驃骠飆飙飈飚鑣镳表婊裱錶俵鰾鳔超晁朝嘲潮…,12/417
十八巧,上声,第八部(萧肴豪),ua,抓,貝贝播簸大帶带舵蓋盖歌呱瓜卦挂掛罣罫褂禾何和龢花華华嘩哗鏵铧…,1/119
十九皓,上声,第八部(萧肴豪),au,枣堡藻灏套皂瑙颢袄滈老褓考倒缫恼葆澡涝缟浩栲嫂昊草燥槁镐讨脑保鸨早栳蚤媪稻杲祷好岛櫜抱道造拷皓纛宝懊燠埽捣,凹敖𠢕嶅遨嗷廒獒熬聱螯翱鏖鰲鳌媼襖坳拗奡傲奧奥隩嶴岙澳鏊驁骜…,53/490
十九皓,上声,第八部(萧肴豪),iang,娼,昌倀伥菖猖閶阊鯧鲳長长萇苌常徜場场腸肠嘗尝嫦嚐償偿鱨鲿昶敞廠…,1/546
十九皓,上声,第八部(萧肴豪),iau,夭潦,詏𬣦杓標标膘瀌瘭鏢镖驃骠飆飙飈飚鑣镳表婊裱錶俵鰾鳔超晁朝嘲潮…,2/416
十九皓,上声,第八部(萧肴豪),iok,燠,隩畜搐觸触矗戳促馥寂腳脚匊掬鞠鞫局侷菊跼覺觉可克刻氪六陸陆淥…,1/147
十九皓,上声,第八部(萧肴豪),ok,纛,白百佰柏雹薄暴㩧㿺帛舶鉑铂箔礴卜啵蔔醭簿亍齪龊蔟簇蹙蹴督毒獨…,1/298
二十哿,上声,第九部(歌戈),a,那么桠,阿錒锕啊拗詏𬣦巴扒叭芭疤粑豝把靶爸耙罷罢霸壩坝灞欛吧骲飽饱趵…,3/239
二十哿,上声,第九部(歌戈),ai,舵,哎哀埃挨唉捱皚皑矮藹蔼靄霭艾砹隘𱐿噯嗳嬡嫒𡟓礙碍岸捭擺摆襬拜…,1/356
二十哿,上声,第九部(歌戈),an,瘅,安桉氨鞍俺銨铵犴岸按胺案扳班般斑搬頒颁瘢癍阪坂板版蝂闆扮辦办…,1/319
二十哿,上声,第九部(歌戈),e,爹,嗄扒把爸耙唄呗廁厕叉扠杈茶查差儕侪車车硨砗扯尺父華华藉籍加枷…,1/156
二十哿,上声,第九部(歌戈),iau,么,詏𬣦杓標标膘瀌瘭鏢镖驃骠飆飙飈飚鑣镳表婊裱錶俵鰾鳔超晁朝嘲潮…,1/417
二十哿,上声,第九部(歌戈),iok,可,隩畜搐觸触矗戳促馥寂腳脚匊掬鞠鞫局侷菊跼覺觉克刻氪六陸陆淥渌…,1/147
二十哿,上声,第九部(歌戈),o,蠃果颗荷蜾輠我妥伙裸娑叵婀琐脞埵舸裹祸傩峨播柁椭坐哿硪簸颇可蓏垛堕沱轲锁火左朵娜坷逻哆跛惰,阿襖袄薄保寶宝抱報报陂波玻菠嶓啵糙曹槽草初鋤锄楚礎础搓磋矬鹺…,45/384
二十哿,上声,第九部(歌戈),oh,么,薄舶鉑铂駁驳箔礴觸触踔掇恶厄呃惡愕㕺閤阁閣鶴鹤駱骆落絡络摞犖…,1/73
二十哿,上声,第九部(歌戈),ua,颇,貝贝大帶带蓋盖歌呱瓜卦挂掛罣罫褂禾何和龢花華华嘩哗鏵铧驊骅化…,1/112
二十哿,上声,第九部(歌戈),uan,卵,般搬半伴拌柈絆绊川穿舩船遄椽傳传喘串釧钏汆攛撺躥蹿鑹镩篡竄窜…,1/429
二十哿,上声,第九部(歌戈),ue,揣,掰㧳杯揹背貝贝倍狽狈悖被焙蓓碚誖褙輩辈鋇钡菠吹炊棰箠兌兑裰飛…,1/197
二十哿,上声,第九部(歌戈),ui,揣,杯卑背椑悲貝贝倍狽狈悖焙蓓碚誖輩辈扯𠡒膗踹膪圌吹炊垂陲捶搥棰…,1/462
二十一马,上声,第十部(麻),a,娅洒玛痄那鲊打姹马把槎,阿錒锕啊拗詏𬣦巴扒叭芭疤粑豝靶爸耙罷罢霸壩坝灞欛吧骲飽饱趵豹…,11/238
二十一马,上声,第十部(麻),ai,洒鲑,哎哀埃挨唉捱皚皑矮藹蔼靄霭艾砹隘𱐿噯嗳嬡嫒𡟓礙碍岸捭擺摆襬拜…,2/356
二十一马,上声,第十部(麻),e,姐哑惹泻写冶社若者假舍瘕扯野也且赭,嗄扒爸耙唄呗廁厕叉扠杈茶查差儕侪車车硨砗尺爹父華华藉籍加枷家…,17/151
二十一马,上声,第十部(麻),ia,斝厦贾喏社下雅也槚夏,才車车硨砗爹伽藉籍徛寄加佳迦珈枷痂家耞笳袈葭跏傢嘉賈檟价架嫁…,10/127
二十一马,上声,第十部(麻),iak,若,杓蘗綽绰菔皭爵嚼撂掠略淖臬鎳镍虐瘧疟怯卻却雀鵲鹊弱婼蒻箬篛勺…,1/180
二十一马,上声,第十部(麻),it,疋,筆笔必苾蓽荜嗶哔鉍铋觱篳筚蹕跸癟瘪叱熾炽得鍀锝迭昳佛蝠嫉瘠蹐…,1/100
二十一马,上声,第十部(麻),o,輠髁哆,阿襖袄薄保寶宝抱報报陂波玻菠播嶓跛簸啵糙曹槽草初鋤锄楚礎础搓…,3/384
二十一马,上声,第十部(麻),u,贾嘏,煲烳逋晡捕哺補补布步佈怖部埠簿肏誧𰵩䯙初樗除芻刍滁蜍鋤锄廚厨…,2/726
二十一马,上声,第十部(麻),ua,踝瓦耍寡,貝贝播簸大帶带舵蓋盖歌呱瓜卦挂掛罣罫褂禾何和龢花華华嘩哗鏵铧…,4/119
二十一马,上声,第十部(麻),uai,鲑,乖拐𧊅柺夬怪噲哙鮭劊刽徊淮槐懷怀壞坏匯汇會会薈荟澮浍檜桧繪绘…,1/55
二十一马,上声,第十部(麻),ui,鲑,杯卑背椑悲貝贝倍狽狈悖焙蓓碚誖輩辈𠡒揣膗踹膪圌吹炊垂陲捶搥棰…,1/462
二十二养,上声,第二部(江阳唐),ang,谠朗怆奘蟒莽傥倘慷苍阆脏榜曩蒡沆吭荡嗓党,骯肮昂邦梆浜幫帮綁绑膀蚌棒傍稖磅謗谤崩繃绷甏蹦倉仓蒼滄沧艙舱…,20/515
二十二养,上声,第二部(江阳唐),ian,鲞,辦办瓣萹蝙編编鞭邊边鯿鳊籩笾煸扁匾貶贬碥稨褊藊卞弁汴忭便遍辨…,1/581
二十二养,上声,第二部(江阳唐),iang,飨赏痒攘泱像向抢养魉蛘响橡长丈氅敞象厂昶怏蒋桨享穰仗饷奖强想仰两鞅上襁壤掌镪杖,昌倀伥菖猖娼閶阊鯧鲳長萇苌常徜場场腸肠嘗尝嫦嚐償偿鱨鲿廠倡鬯…,39/546
二十二养,上声,第二部(江阳唐),o,帑,阿襖袄薄保寶宝抱報报陂波玻菠播嶓跛簸啵糙曹槽草初鋤锄楚礎础搓…,1/384
二十二养,上声,第二部(江阳唐),ong,盎,幫帮膀蚌磅鎊镑甭泵窗囱幢匆蔥葱聰聪驄骢淙琮蕩冬東东咚氡蝀鼕董…,1/306
二十二养,上声,第二部(江阳唐),u,驵,煲烳逋晡捕哺補补布步佈怖部埠簿肏誧𰵩䯙初樗除芻刍滁蜍鋤锄廚厨…,1/726
二十二养,上声,第二部(江阳唐),uang,枉恍晃往谎魍爽仿幌辋罔广网磉放慌昉纺滉颡惘,牀床噇闖闯方邡坊芳枋鈁钫防妨肪房倣舫紡訪访髣封風风瘋疯觥光洸…,21/385
二十三梗,上声,第十一部(庚青蒸),a,打,阿錒锕啊拗詏𬣦巴扒叭芭疤粑豝把靶爸耙罷罢霸壩坝灞欛吧骲飽饱趵…,1/239
二十三梗,上声,第十一部(庚青蒸),eng,幸境瘿顷请悻并璟郢杏阱梗静景靖憬冷绠屏警秉靓皿埂猛饼逞婧整睛丙蜢哽炳井岭儆邴省狰领鲠颈惺影,浜奔栟崩繃绷迸煸冰兵柄餅併並病噌曾層层蹭嘗尝琤偁稱称撐撑赬赪…,45/769
二十三梗,上声,第十一部(庚青蒸),ian,黾,辦办瓣萹蝙編编鞭邊边鯿鳊籩笾煸扁匾貶贬碥稨褊藊卞弁汴忭便遍辨…,1/578
二十三梗,上声,第十一部(庚青蒸),iang,骋,昌倀伥菖猖娼閶阊鯧鲳長长萇苌常徜場场腸肠嘗尝嫦嚐償偿鱨鲿昶敞…,1/545
二十三梗,上声,第十一部(庚青蒸),uang,矿,牀床噇闖闯方邡坊芳枋鈁钫防妨肪房仿昉倣舫紡纺訪访髣放封風风瘋…,1/387
二十三梗,上声,第十一部(庚青蒸),ueng,永颖颍耿,橫横衡蘅薨弘宏泓傾倾頃惸煢茕潁穎孕嬴咏詠泳營瑩塋嶸榮滎熒㼆縈…,4/46
二十四迥,上声,第十一部(庚青蒸),eng,茗胫酊铤醒溟梃挺泞等酩町顶肯刭冥鼎莛拯艇,浜奔栟崩繃绷迸煸冰兵丙邴秉柄炳餅饼并併並病噌曾層层蹭嘗尝琤偁…,20/772
二十四迥,上声,第十一部(庚青蒸),ian,冼,辦办瓣萹蝙編编鞭邊边鯿鳊籩笾煸扁匾貶贬碥稨褊藊卞弁汴忭便遍辨…,1/579
二十四迥,上声,第十一部(庚青蒸),ueng,迥炯,耿橫横衡蘅薨弘宏泓憬傾倾頃顷惸煢茕潁颍穎颖孕嬴永咏詠泳營瑩塋…,2/48
二十五有,上声,第十二部(尤),ang,莽,骯肮昂邦梆浜幫帮綁绑榜膀蚌棒傍蒡稖磅謗谤崩繃绷甏蹦倉仓蒼苍滄…,1/518
二十五有,上声,第十二部(尤),au,吼茆,凹敖𠢕嶅遨嗷廒獒熬聱螯翱鏖鰲鳌媼媪襖袄坳拗奡傲奧奥隩嶴岙澳懊…,2/468
二十五有,上声,第十二部(尤),i,否,稗陂卑背悲碑被備备鞁憊惫鞴賁贲屄腟鼻匕疕比妣彼秕俾鄙魮𱇒庇畀…,1/961
二十五有,上声,第十二部(尤),iau,愀,詏𬣦杓標标膘瀌瘭鏢镖驃骠飆飙飈飚鑣镳表婊裱錶俵鰾鳔超晁朝嘲潮…,1/416
二十五有,上声,第十二部(尤),iu,喽肘莠蹂廋优守舅羑掫钮手咎赳阄首授绶狃友柳丑卣受纣扭琇鲰揉酒浏帚罶韭纠黝九右诱忸酉牖有玖掊纽寿愀臼绺久,彪滮抽犨仇惆酬稠愁裯綢绸儔俦幬帱疇畴籌筹躊踌讐讎雠瞅醜臭稻丟…,51/326
二十五有,上声,第十二部(尤),iun,糗朽,臭復幼休咻髹庥貅鵂幽攸悠麀嗅溴…,2/17
二十五有,上声,第十二部(尤),o,笱,阿襖袄薄保寶宝抱報报陂波玻菠播嶓跛簸啵糙曹槽草初鋤锄楚礎础搓…,1/382
二十五有,上声,第十二部(尤),ok,嗾服,白百佰柏雹薄暴㩧㿺帛舶鉑铂箔礴卜啵蔔醭簿亍齪龊蔟簇蹙蹴纛督毒…,2/298
二十五有,上声,第十二部(尤),ong,牡,盎幫帮膀蚌磅鎊镑甭泵窗囱幢匆蔥葱聰聪驄骢淙琮蕩荡冬東东咚氡蝀…,1/307
二十五有,上声,第十二部(尤),ou,瞍剖垢廋溲抖牡擞蚪叩诟狗叟耦欧藕殴某溇偶后薮笱苟枸呕扣厚枓陡斗走口,煲哺補补布步埠踄簿愁廚厨觕湊凑腠輳辏粗醋都唗兜篼豆逗鬥脰痘餖…,33/350
二十五有,上声,第十二部(尤),u,负喽部𪣻亩妇篓拇嵝取母姆趣阜,煲烳逋晡捕哺補补布步佈怖埠簿肏誧𰵩䯙初樗除芻刍滁蜍鋤锄廚厨躇…,14/719
二十五有,上声,第十二部(尤),ui,缶培掊,杯卑背椑悲貝贝倍狽狈悖焙蓓碚誖輩辈扯𠡒揣膗踹膪圌吹炊垂陲捶搥…,3/463
二十六寝,上声,第十三部(侵),a,怎,阿錒锕啊拗詏𬣦巴扒叭芭疤粑豝把靶爸耙罷罢霸壩坝灞欛吧骲飽饱趵…,1/239
二十六寝,上声,第十三部(侵),ai,怎,哎哀埃挨唉捱皚皑矮藹蔼靄霭艾砹隘𱐿噯嗳嬡嫒𡟓礙碍岸捭擺摆襬拜…,1/356
二十六寝,上声,第十三部(侵),an,怎,安桉氨鞍俺銨铵犴岸按胺案扳班般斑搬頒颁瘢癍阪坂板版蝂闆扮辦办…,1/320
二十六寝,上声,第十三部(侵),im,饮葚枕锓稔廪荏衽凛锦恁沈浸懔朕噤谂寝饪甚审婶,參参岑涔郴琛沉忱諶谌酖掂定今金衿襟錦妗禁寖林淋琳啉霖臨临凜廩…,22/157
二十六寝,上声,第十三部(侵),in,您品禀恁,箅篦砭匾貶贬便遍瀕濒擯摈殯殡臏膑髕髌鬢鬓稟摒嗔瞋臣辰宸陳陈晨…,4/274
二十六寝,上声,第十三部(侵),o,怎,阿襖袄薄保寶宝抱報报陂波玻菠播嶓跛簸啵糙曹槽草初鋤锄楚礎础搓…,1/384
二十六寝,上声,第十三部(侵),un,蕈,奔逩賁贲錛锛本苯畚笨飱蟬蝉顫颤舩船舛荈春椿純纯脣淳蒓莼醇鶉鹑…,1/377
二十六寝,上声,第十三部(侵),urn,您恁,恩蒽摁根跟哏艮茛痕很狠恨巾斤觔筋卺巹堇僅仅廑瑾槿謹谨饉馑近劤…,2/63
二十七感,上声,第十四部(覃盐咸),am,坎嵌淡敢览昝毯糁澹贉惨錾颔胆憯感菡喊揽暗赣眈撼榄橄萏啖,癌庵盦諳谙闇鵪鹌揞黯叄叁參参驂骖慚惭慙蠶蚕慘岑涔摻掺攙搀儳巉…,27/229
二十七感,上声,第十四部(覃盐咸),ap,噆,凹插扱鍤锸耷搭嗒褡沓剳答溚瘩呷蓋盖鴿鸽蛤合佮頜颌郃盍盒闔阖圾…,1/124
二十七感,上声,第十四部(覃盐咸),iam,椠,覘觇幨嬋婵蟬蝉蟾諂谄敁掂踮點点坫店玷惦扂墊垫簟鞥尖兼蒹緘缄縑…,1/221
二十八琰,上声,第十四部(覃盐咸),iam,玷谄俨捡阉剡闪冉餂崦厌险忝陕魇琰苒点染掩慊𤞤敛潋芡渐睒检黡簟堑嗛歉焰奄渰俭扂罨,覘觇幨嬋婵蟬蝉蟾諂敁掂踮點坫店惦墊垫鞥尖兼蒹緘缄縑缣殲歼減减…,39/221
二十八琰,上声,第十四部(覃盐咸),ian,贬脸,辦办瓣萹蝙編编鞭邊边鯿鳊籩笾煸扁匾貶碥稨褊藊卞弁汴忭便遍辨辮…,2/581
二十八琰,上声,第十四部(覃盐咸),iap,陕擫靥,臿插堞喋牒碟蝶蹀諜谍疊叠浹浃裌夹夾郟郏莢荚袷蛺蛱鋏铗頰颊接劫…,3/131
二十九豏,上声,第十四部(覃盐咸),am,湛阚掺舰喊巉槛黯斩滥,癌庵盦諳谙闇鵪鹌揞暗叄叁參参驂骖慚惭慙蠶蚕慘惨憯岑涔摻攙搀儳…,10/228
二十九豏,上声,第十四部(覃盐咸),iam,减歉,覘觇幨嬋婵蟬蝉蟾諂谄敁掂踮點点坫店玷惦扂墊垫簟鞥尖兼蒹緘缄縑…,2/221
二十九豏,上声,第十四部(覃盐咸),uam,犯范,帆凡釩钒樊礬矾氾泛汎梵範患…,2/15
一送,去声,第一部(东冬钟),am,赣,癌庵盦諳谙闇鵪鹌揞暗黯叄叁參参驂骖慚惭慙蠶蚕慘惨憯岑涔摻掺攙…,1/229
一送,去声,第一部(东冬钟),ang,砻,骯肮昂邦梆浜幫帮綁绑榜膀蚌棒傍蒡稖磅謗谤崩繃绷甏蹦倉仓蒼苍滄…,1/507
一送,去声,第一部(东冬钟),iong,中众瓮淞仲衷,冲充沖忡茺翀舂衝憧艟崇蟲虫寵宠銃铳蓯苁樅枞從从叢丛弓供恭躬宮…,6/171
一送,去声,第一部(东冬钟),ong,幪鞚弄赗痛贡洞恫峒空湩送讽瓮哄蕻栋凤梦恸控冻,盎幫帮膀蚌磅鎊镑甭泵窗囱幢匆蔥葱聰聪驄骢淙琮蕩荡冬東东咚氡蝀…,22/303
二宋,去声,第一部(东冬钟),iong,供从雍颂拱诵讼种共纵恐壅踵灉重用,冲充沖忡茺翀舂衝憧艟崇蟲虫寵宠銃铳蓯苁樅枞從叢丛弓恭躬宮宫龔…,16/171
二宋,去声,第一部(东冬钟),ong,俸葑封统疭缝宋综,盎幫帮膀蚌磅鎊镑甭泵窗囱幢匆蔥葱聰聪驄骢淙琮蕩荡冬東东咚氡蝀…,8/304
二宋,去声,第一部(东冬钟),un,蠢,奔逩賁贲錛锛本苯畚笨飱蟬蝉顫颤舩船舛荈春椿純纯脣淳蒓莼醇鶉鹑…,1/377
三绛,去声,第二部(江阳唐),ang,巷绛,骯肮昂邦梆浜幫帮綁绑榜膀蚌棒傍蒡稖磅謗谤崩繃绷甏蹦倉仓蒼苍滄…,2/516
三绛,去声,第二部(江阳唐),eng,虹,浜奔栟崩繃绷迸煸冰兵丙邴秉柄炳餅饼并併並病噌曾層层蹭嘗尝琤偁…,1/772
三绛,去声,第二部(江阳唐),iang,降洚,昌倀伥菖猖娼閶阊鯧鲳長长萇苌常徜場场腸肠嘗尝嫦嚐償偿鱨鲿昶敞…,2/546
三绛,去声,第二部(江阳唐),iong,艟憧,冲充沖忡茺翀舂衝崇蟲虫寵宠銃铳蓯苁樅枞從从叢丛弓供恭躬宮宫龔…,2/171
三绛,去声,第二部(江阳唐),ong,幢哄戆淙虹,盎幫帮膀蚌磅鎊镑甭泵窗囱匆蔥葱聰聪驄骢琮蕩荡冬東东咚氡蝀鼕董…,5/306
三绛,去声,第二部(江阳唐),uang,撞,牀床噇闖闯方邡坊芳枋鈁钫防妨肪房仿昉倣舫紡纺訪访髣放封風风瘋…,1/387
三绛,去声,第二部(江阳唐),un,蠢,奔逩賁贲錛锛本苯畚笨飱蟬蝉顫颤舩船舛荈春椿純纯脣淳蒓莼醇鶉鹑…,1/377
四寘,去声,第三部(支微齐灰),ai,晒柴暨,哎哀埃挨唉捱皚皑矮藹蔼靄霭艾砹隘𱐿噯嗳嬡嫒𡟓礙碍岸捭擺摆襬拜…,3/347
四寘,去声,第三部(支微齐灰),au,蚝,凹敖𠢕嶅遨嗷廒獒熬聱螯翱鏖鰲鳌媼媪襖袄坳拗奡傲奧奥隩嶴岙澳懊…,1/491
四寘,去声,第三部(支微齐灰),eh,篑,嗌掰白百佰柏伯帛擘冊册策奼姹仛厄阨扼軛轭挌革格鬲隔嗝搿膈骼鎘…,1/97
四寘,去声,第三部(支微齐灰),ek,埴亟织德植识瑟易厕积值食,隘白百佰柏薄北逼愎煏愊碧薜壁璧襞伯帛舶擘卜蔔冊册側侧策廁測测…,12/472
四寘,去声,第三部(支微齐灰),i,珥骑嬖义质秘弃志詈踬庇始饐利企跂雉异劓畤稚亟譬吏地议诒贲泪媚貤屣芰洎臂侍被记帜赑冀痢比戏致试鸷离视辔贽挚季炽刵帔莉蚑智觊寄识徛翅忌施畀至薏谥里毖嗜备置几其避曀易骥痣厕器莅忮痹莳魅濞暨勚豉屃牸陂治意泌啻儗眙薙谊缢鼻示肄懿,稗卑背悲碑備鞁憊惫鞴賁屄腟匕疕妣彼秕俾鄙魮𱇒痺陛狴閉闭敝婢蓖…,109/946
四寘,去声,第三部(支微齐灰),iat,轾,憋徶鱉鳖別别彆癶掣撤徹彻澈抶跌迭耊垤昳瓞耋絰绖鱖鳜虢唧即恝揭…,1/152
四寘,去声,第三部(支微齐灰),it,质跸,筆笔必苾蓽荜嗶哔鉍铋觱篳筚蹕癟瘪叱熾得鍀锝迭昳佛蝠嫉瘠蹐鶺鹡…,2/96
四寘,去声,第三部(支微齐灰),o,哆跛,阿襖袄薄保寶宝抱報报波玻菠播嶓簸啵糙曹槽草初鋤锄楚礎础搓磋矬…,2/381
四寘,去声,第三部(支微齐灰),or,地,代岱埭袋戴短塊块腡脶螺羅罗胎苔桃退蛻蜕褪災灾菑載载在助罪作坐…,1/33
四寘,去声,第三部(支微齐灰),ua,倚,貝贝播簸大帶带舵蓋盖歌呱瓜卦挂掛罣罫褂禾何和龢花華华嘩哗鏵铧…,1/118
四寘,去声,第三部(支微齐灰),uai,率,乖拐𧊅柺夬怪噲哙鮭鲑劊刽徊淮槐懷怀壞坏匯汇會会薈荟澮浍檜桧繪…,1/55
四寘,去声,第三部(支微齐灰),ueh,诐,恶惡刮郭𰉗砉划劃噦哕沫詖缺闕阙闋阕刷唰涮說说襪袜物血月刖畫𠱀…,1/31
四寘,去声,第三部(支微齐灰),ui,喟岿锤悴穗怼醉缒萎悸类伪瘁惴委泪愧槌累睡翠瑞遗膇费穟馈诿隧匮恚蔧祟为嫘邃粹萃寐燧吹蒉篑喂魅彗遂位睢坠,杯卑背椑悲貝贝倍狽狈悖焙蓓碚誖輩辈扯𠡒揣膗踹膪圌炊垂陲捶搥棰…,50/461
四寘,去声,第三部(支微齐灰),un,贲,奔逩賁錛锛本苯畚笨飱蟬蝉顫颤舩船舛荈春椿純纯脣淳蒓莼醇鶉鹑蠢…,1/377
四寘,去声,第三部(支微齐灰),ur,自迟胔嗣胾寺使刺贰腻饵澌赐次伺恣渍司字饲思眦笥二驷肆驶事师柜泗孳食四,差車车哧茌遲除鋤锄呲疵跐茨祠瓷詞词慈磁雌糍辭辞鶿鹚鷀此泚賜噁…,34/308
四寘,去声,第三部(支微齐灰),urn,近,恩蒽摁根跟哏艮茛痕很狠恨巾斤觔筋卺巹堇僅仅廑瑾槿謹谨饉馑劤靳…,1/63
四寘,去声,第三部(支微齐灰),ut,术率出,不鈈钚齣怵黜猝咄柮飿饳芾沸弗佛拂茀彿怫氟祓艴紱绂紼绋髴黻汩骨…,3/113
五未,去声,第三部(支微齐灰),ai,概忾暨溉,哎哀埃挨唉捱皚皑矮藹蔼靄霭艾砹隘𱐿噯嗳嬡嫒𡟓礙碍岸捭擺摆襬拜…,4/356
五未,去声,第三部(支微齐灰),i,既毅忾味暨欷气衣,稗陂卑背悲碑被備备鞁憊惫鞴賁贲屄腟鼻匕疕比妣彼秕俾鄙魮𱇒庇畀…,8/959
五未,去声,第三部(支微齐灰),u,纡,煲烳逋晡捕哺補补布步佈怖部埠簿肏誧𰵩䯙初樗除芻刍滁蜍鋤锄廚厨…,1/726
五未,去声,第三部(支微齐灰),uai,汇,乖拐𧊅柺夬怪噲哙鮭鲑劊刽徊淮槐懷怀壞坏匯會会薈荟澮浍檜桧繪绘…,1/55
五未,去声,第三部(支微齐灰),ue,未,掰㧳杯揹背貝贝倍狽狈悖被焙蓓碚誖褙輩辈鋇钡菠揣吹炊棰箠兌兑裰…,1/196
五未,去声,第三部(支微齐灰),ui,讳翡尉慰扉纬渭胃芾味蔚猬魏痱沸谓狒汇玮费贵卉未畏,杯卑背椑悲貝贝倍狽狈悖焙蓓碚誖輩辈扯𠡒揣膗踹膪圌吹炊垂陲捶搥…,24/461
五未,去声,第三部(支微齐灰),uinn,蜚,虺,1/2
五未,去声,第三部(支微齐灰),ut,芾,不鈈钚出齣怵黜猝咄柮飿饳弗佛拂茀彿怫氟祓艴紱绂紼绋髴黻汩骨榾…,1/111
六御,去声,第四部(鱼虞模),ai,劾,哎哀埃挨唉捱皚皑矮藹蔼靄霭艾砹隘𱐿噯嗳嬡嫒𡟓礙碍岸捭擺摆襬拜…,1/356
六御,去声,第四部(鱼虞模),eng,宁,浜奔栟崩繃绷迸煸冰兵丙邴秉柄炳餅饼并併並病噌曾層层蹭嘗尝琤偁…,1/772
六御,去声,第四部(鱼虞模),i,御据蓣女讵倨去锯踞誉欤语淤豫嘘预虑茹,稗陂卑背悲碑被備备鞁憊惫鞴賁贲屄腟鼻匕疕比妣彼秕俾鄙魮𱇒庇畀…,18/961
六御,去声,第四部(鱼虞模),iak,著,杓蘗綽绰菔皭爵嚼撂掠略淖臬鎳镍虐瘧疟怯卻却雀鵲鹊若弱婼蒻箬篛…,1/180
六御,去声,第四部(鱼虞模),o,俎楚助疏诅,阿襖袄薄保寶宝抱報报陂波玻菠播嶓跛簸啵糙曹槽草初鋤锄礎础搓磋…,5/384
六御,去声,第四部(鱼虞模),u,洳曙薯恕箸絮庶沮狙翥如诅胠署除处茹,煲烳逋晡捕哺補补布步佈怖部埠簿肏誧𰵩䯙初樗芻刍滁蜍鋤锄廚厨躇…,17/725
六御,去声,第四部(鱼虞模),ur,滪遽饫驭礜醵与,差車车哧茌遲迟鋤锄呲疵跐茨祠瓷詞词慈磁雌糍辭辞鶿鹚鷀此泚次伺…,7/288
七遇,去声,第四部(鱼虞模),a,姹,阿錒锕啊拗詏𬣦巴扒叭芭疤粑豝把靶爸耙罷罢霸壩坝灞欛吧骲飽饱趵…,1/239
七遇,去声,第四部(鱼虞模),ak,错涸恶作,雹暴爆㩧北剝剥亳博搏駁驳膊戳錯毒獨独讀读踱鐸铎堊垩鄂惡萼愕腭…,4/198
七遇,去声,第四部(鱼虞模),ek,斁,隘白百佰柏薄北逼愎煏愊碧薜壁璧襞伯帛舶擘卜蔔冊册側侧策廁厕測…,1/471
七遇,去声,第四部(鱼虞模),i,雨瞿呴句遇寓具,稗陂卑背悲碑被備备鞁憊惫鞴賁贲屄腟鼻匕疕比妣彼秕俾鄙魮𱇒庇畀…,7/961
七遇,去声,第四部(鱼虞模),iok,属足,隩畜搐觸触矗戳促馥寂腳脚匊掬鞠鞫局侷菊跼覺觉可克刻氪六陸陆淥…,2/147
七遇,去声,第四部(鱼虞模),o,错禺,阿襖袄薄保寶宝抱報报陂波玻菠播嶓跛簸啵糙曹槽草初鋤锄楚礎础搓…,2/373
七遇,去声,第四部(鱼虞模),ok,鹜辂仆副恶度,白百佰柏雹薄暴㩧㿺帛舶鉑铂箔礴卜啵蔔醭簿亍齪龊蔟簇蹙蹴纛督毒…,6/293
七遇,去声,第四部(鱼虞模),ou,镀句斁,煲補补部埠踄簿愁廚厨觕湊凑腠輳辏粗都唗兜篼抖枓陡蚪斗豆逗鬥脰…,3/327
七遇,去声,第四部(鱼虞模),u,负裕鹜务墓树聚吁跗圃飓昫鲋铺固雨互祚圬吐赋诂赴措惧娶注傅晤驸数痼鹭孺苦赙妇埧布谕璐渡迕附锢仆潞酺醋捕捂戽住护愫暮误慕寤付顾厝诉输冱赂库副芋妒铸嗉驱兔菟悟胙婺怖蠹塑募步屡故恶疰驻炷忤瓠路讣素蛀度溯雾骛趣污具露妪煦怒富哺觎阜酗,煲烳逋晡補补佈部埠簿肏誧𰵩䯙初樗除芻刍滁蜍鋤锄廚厨躇雛雏櫥橱…,111/725
七遇,去声,第四部(鱼虞模),ua,胯,貝贝播簸大帶带舵蓋盖歌呱瓜卦挂掛罣罫褂禾何和龢花華华嘩哗鏵铧…,1/118
七遇,去声,第四部(鱼虞模),uak,获,郭崞椁槨漷穫蠖鑊镬廓擴扩彍𭚦蜀朔搠蒴槊嗍矱濁浊濯撮嘬數玨珏瑴…,1/101
七遇,去声,第四部(鱼虞模),ue,戍,掰㧳杯揹背貝贝倍狽狈悖被焙蓓碚誖褙輩辈鋇钡菠揣吹炊棰箠兌兑裰…,1/201
七遇,去声,第四部(鱼虞模),uek,获,嘓啯國国划劃或惑獲湨役疫域穫蠖鑊矱棫蜮…,1/20
七遇,去声,第四部(鱼虞模),uh,呴,哱欻鶻鹘焌窟噗入射腯吸㰵嘬…,1/14
七遇,去声,第四部(鱼虞模),ur,蒟,差車车哧茌遲迟除鋤锄呲疵跐茨祠瓷詞词慈磁雌糍辭辞鶿鹚鷀此泚次…,1/305
八霁,去声,第三部(支微齐灰),ai,逮釱,哎哀埃挨唉捱皚皑矮藹蔼靄霭艾砹隘𱐿噯嗳嬡嫒𡟓礙碍岸捭擺摆襬拜…,2/355
八霁,去声,第三部(支微齐灰),e,些,嗄扒把爸耙唄呗廁厕叉扠杈茶查差儕侪車车硨砗扯尺爹父華华藉籍加…,1/155
八霁,去声,第三部(支微齐灰),ek,晰薜,隘白百佰柏薄北逼愎煏愊碧壁璧襞伯帛舶擘卜蔔冊册側侧策廁厕測测…,2/471
八霁,去声,第三部(支微齐灰),i,蔽蒂嬖禊币剃题誓隶罽泥滞盭涕丽曳疠呓媲棣递睨俪第偈瘗谛契睇蛎厉妻粝敝柢彘剂捩势齐砺悌裔荔屉离愒筮济殪霁砌谜弊傺励淠弟细诣繄羿艺曀帝逝祭翳际唳切缔堄替睥继濞制袂戾娣例荠婿系薙霓憩毙蓟闭砅噬计嚏,稗陂卑背悲碑被備备鞁憊惫鞴賁贲屄腟鼻匕疕比妣彼秕俾鄙魮𱇒庇畀…,95/957
八霁,去声,第三部(支微齐灰),iak,浙,杓蘗綽绰菔皭爵嚼撂掠略淖臬鎳镍虐瘧疟怯卻却雀鵲鹊若弱婼蒻箬篛…,1/176
八霁,去声,第三部(支微齐灰),ian,沴,辦办瓣萹蝙編编鞭邊边鯿鳊籩笾煸扁匾貶贬碥稨褊藊卞弁汴忭便遍辨…,1/581
八霁,去声,第三部(支微齐灰),iap,泄,臿插堞喋牒碟蝶蹀諜谍疊叠浹浃裌夹夾郟郏莢荚袷蛺蛱鋏铗頰颊接劫…,1/131
八霁,去声,第三部(支微齐灰),iat,锲蹶揭橛鳜切掣,憋徶鱉鳖別别彆癶撤徹彻澈抶跌迭耊垤昳瓞耋絰绖鱖虢唧即恝孑拮桀…,7/153
八霁,去声,第三部(支微齐灰),iau,橇,詏𬣦杓標标膘瀌瘭鏢镖驃骠飆飙飈飚鑣镳表婊裱錶俵鰾鳔超晁朝嘲潮…,1/417
八霁,去声,第三部(支微齐灰),in,箅,篦砭匾貶贬便遍瀕濒擯摈殯殡臏膑髕髌鬢鬓稟禀摒嗔瞋臣辰宸陳陈晨…,1/274
八霁,去声,第三部(支微齐灰),oih,挤,八捌拔擠裌夹夾莢荚節节截笠塞俠侠狹狭楔挾挟意𩐅…,1/24
八霁,去声,第三部(支微齐灰),ua,拽挂,貝贝播簸大帶带舵蓋盖歌呱瓜卦掛罣罫褂禾何和龢花華华嘩哗鏵铧驊…,2/116
八霁,去声,第三部(支微齐灰),uah,拽,峇茇跋癶缽钵鉢撥拨博鈸钹叱錯错掇伐割葛轕𮝺刮喝划劃活渴闊阔辣…,1/57
八霁,去声,第三部(支微齐灰),uat,缀惙说,拔茇跋魃鼥般孛荸癶缽钵鉢撥拨餑饽勃脖渤鈸钹鵓鹁絀绌啜輟辍撮咄…,3/114
八霁,去声,第三部(支微齐灰),ue,帨哕缀税髻讆岁,掰㧳杯揹背貝贝倍狽狈悖被焙蓓碚誖褙輩辈鋇钡菠揣吹炊棰箠兌兑裰…,7/192
八霁,去声,第三部(支微齐灰),ueh,哕,恶惡刮郭𰉗砉划劃噦沫詖诐缺闕阙闋阕刷唰涮說襪袜物血月刖畫𠱀…,1/30
八霁,去声,第三部(支微齐灰),ui,脆枘穗慧蜕芮毳汭锐卫桂蕙岁赘彗蟪睿惠,杯卑背椑悲貝贝倍狽狈悖焙蓓碚誖輩辈扯𠡒揣膗踹膪圌吹炊垂陲捶搥…,18/462
八霁,去声,第三部(支微齐灰),ur,世眦,差車车哧茌遲迟除鋤锄呲疵跐茨祠瓷詞词慈磁雌糍辭辞鶿鹚鷀此泚次…,2/307
九泰,去声,第五部(佳灰),a,大,阿錒锕啊拗詏𬣦巴扒叭芭疤粑豝把靶爸耙罷罢霸壩坝灞欛吧骲飽饱趵…,1/239
九泰,去声,第五部(佳灰),ai,泰赖柰沛汰茷釱害蔡太赉蔼濑霈旆霭籁奈带大癞艾丐盖,哎哀埃挨唉捱皚皑矮藹靄砹隘𱐿噯嗳嬡嫒𡟓礙碍岸捭擺摆襬拜敗败稗…,24/356
九泰,去声,第五部(佳灰),ap,磕,凹插扱鍤锸耷搭嗒褡沓剳答溚瘩呷蓋鴿鸽蛤合佮頜颌郃盍盒闔阖圾集…,1/123
九泰,去声,第五部(佳灰),i,粝愒,稗陂卑背悲碑被備备鞁憊惫鞴賁贲屄腟鼻匕疕比妣彼秕俾鄙魮𱇒庇畀…,2/961
九泰,去声,第五部(佳灰),uai,外脍狯桧绘酹会侩浍,乖拐𧊅柺夬怪噲哙鮭鲑劊刽徊淮槐懷怀壞坏匯汇會薈澮檜繪蒯擓㧟快…,9/54
九泰,去声,第五部(佳灰),ue,哕沬濊,掰㧳杯揹背貝倍狽悖被焙蓓碚誖褙輩辈鋇钡菠揣吹炊棰箠兌裰飛飞沸…,3/192
九泰,去声,第五部(佳灰),ueh,哕,恶惡刮郭𰉗砉划劃噦沫詖诐缺闕阙闋阕刷唰涮說说襪袜物血月刖畫𠱀…,1/31
九泰,去声,第五部(佳灰),ui,蜕荟贝兑翙酹会昧狈最,杯卑背椑悲貝倍狽悖焙蓓碚誖輩辈扯𠡒揣膗踹膪圌吹炊垂陲捶搥棰槌…,10/463
十卦,去声,第五部(佳灰),a,瘥,阿錒锕啊拗詏𬣦巴扒叭芭疤粑豝把靶爸耙罷罢霸壩坝灞欛吧骲飽饱趵…,1/239
十卦,去声,第五部(佳灰),ai,拜派薤呗债诫懈廨届芥解隘疥瘵界邂介卖瀣迈砦寨戒械败晒湃虿,哎哀埃挨唉捱皚皑矮藹蔼靄霭艾砹𱐿噯嗳嬡嫒𡟓礙碍岸捭擺摆襬敗憊…,28/353
十卦,去声,第五部(佳灰),at,煞铩喝杀,八捌別别桲擦察鑔镲墶垯噠哒笪達达靼繨𫄤韃鞑遏割葛曷核鞨褐戛癤…,4/98
十卦,去声,第五部(佳灰),eh,篑嗌,掰白百佰柏伯帛擘冊册策奼姹仛厄阨軛轭挌革格鬲隔嗝搿膈骼鎘镉硌…,2/96
十卦,去声,第五部(佳灰),ek,扼,白百佰柏薄北逼愎煏愊碧薜壁璧襞伯帛舶擘卜蔔冊册側侧策廁厕測测…,1/471
十卦,去声,第五部(佳灰),i,噫惫稗攦祭,陂卑背悲碑被備备鞁憊鞴賁贲屄腟鼻匕疕比妣彼秕俾鄙魮𱇒庇畀痺毖…,5/960
十卦,去声,第五部(佳灰),ia,价,才車车硨砗爹伽藉籍徛寄加佳迦珈枷痂家耞笳袈葭跏傢嘉斝賈贾檟槚…,1/138
十卦,去声,第五部(佳灰),oi,哙,挨矮𠜱釵钗喫代堤底改噲鮭鲑會会𣍐𫧃𠁞𠀾雞鸡計计濟济㩼階阶街犁…,1/73
十卦,去声,第五部(佳灰),ua,挂话卦画,貝贝播簸大帶带舵蓋盖歌呱瓜掛罣罫褂禾何和龢花華华嘩哗鏵铧驊骅…,4/119
十卦,去声,第五部(佳灰),uai,快坏块狯怪夬哙蒯浍,乖拐𧊅柺噲鮭鲑劊刽徊淮槐懷怀壞匯汇會会薈荟澮檜桧繪绘擓㧟塊筷…,9/55
十卦,去声,第五部(佳灰),uat,嘬,拔茇跋魃鼥般孛荸癶缽钵鉢撥拨餑饽勃脖渤鈸钹鵓鹁絀绌啜惙輟辍撮…,1/114
十卦,去声,第五部(佳灰),ui,蒉喟瞆篑啐,杯卑背椑悲貝贝倍狽狈悖焙蓓碚誖輩辈扯𠡒揣膗踹膪圌吹炊垂陲捶搥…,5/463
十一队,去声,第五部(佳灰),ai,栽叇忾态塞赉慨代采载睐碍概埭阂茷贷瀣赛戴鼐逮襶玳铠再袋在耐岱黛裁菜劾溉,哎哀埃挨唉捱皚皑矮藹蔼靄霭艾砹隘𱐿噯嗳嬡嫒𡟓礙岸捭擺摆襬拜敗…,35/352
十一队,去声,第五部(佳灰),au,瑁,凹敖𠢕嶅遨嗷廒獒熬聱螯翱鏖鰲鳌媼媪襖袄坳拗奡傲奧奥隩嶴岙澳懊…,1/491
十一队,去声,第五部(佳灰),ek,塞北,隘白百佰柏薄逼愎煏愊碧薜壁璧襞伯帛舶擘卜蔔冊册側侧策廁厕測测…,2/470
十一队,去声,第五部(佳灰),i,忾柿刈乂儗,稗陂卑悲碑被備备鞁憊惫鞴賁贲屄腟鼻匕疕比妣彼秕俾鄙魮𱇒庇畀痺…,5/958
十一队,去声,第五部(佳灰),oi,代,挨矮𠜱釵钗喫堤底改噲哙鮭鲑會会𣍐𫧃𠁞𠀾雞鸡計计濟济㩼階阶街解…,1/76
十一队,去声,第五部(佳灰),or,代,地短塊腡脶螺羅罗胎苔桃蛻蜕褪災灾菑載助罪作坐座做…,1/25
十一队,去声,第五部(佳灰),uah,秣,峇茇跋癶缽钵鉢撥拨博鈸钹掣叱錯错掇伐割葛轕𮝺刮喝划劃活渴闊阔…,1/58
十一队,去声,第五部(佳灰),uai,块酹,乖拐𧊅柺夬怪噲哙鮭鲑劊刽徊淮槐懷怀壞坏匯汇會会薈荟澮浍檜桧繪…,2/55
十一队,去声,第五部(佳灰),uat,孛筏拔,茇跋魃鼥般荸癶缽钵鉢撥拨餑饽勃脖渤鈸钹鵓鹁絀绌啜惙輟辍撮咄剟…,3/114
十一队,去声,第五部(佳灰),ue,秣濊,掰㧳杯揹貝贝倍狽狈被蓓碚誖褙輩鋇钡菠揣吹炊棰箠兌兑裰飛飞沸瓜…,2/186
十一队,去声,第五部(佳灰),ui,配肺回碓溃焠佩退綷类内碎悔对晦啐愦酹诲淬废硙耒喙秽吠辈悖队霉脢焙妹昧背妃晬,杯卑椑悲貝贝倍狽狈蓓碚誖輩扯𠡒揣膗踹膪圌吹炊垂陲捶搥棰槌箠錘…,37/463
十一队,去声,第五部(佳灰),un,敦,奔逩賁贲錛锛本苯畚笨飱蟬蝉顫颤舩船舛荈春椿純纯脣淳蒓莼醇鶉鹑…,1/377
十一队,去声,第五部(佳灰),ut,祓,不鈈钚出齣怵黜猝咄柮飿饳芾沸弗佛拂茀彿怫氟艴紱绂紼绋髴黻汩骨…,1/114
十二震,去声,第六部(真文元),an,趁,安桉氨鞍俺銨铵犴岸按胺案扳班般斑搬頒颁瘢癍阪坂板版蝂闆扮辦办…,1/320
十二震,去声,第六部(真文元),i,牣,稗陂卑背悲碑被備备鞁憊惫鞴賁贲屄腟鼻匕疕比妣彼秕俾鄙魮𱇒庇畀…,1/961
十二震,去声,第六部(真文元),ia,葭,才車车硨砗爹伽藉籍徛寄加佳迦珈枷痂家耞笳袈跏傢嘉斝賈贾檟槚价…,1/138
十二震,去声,第六部(真文元),ian,赆诊填吝疢蔺趁躏衅慭,辦办瓣萹蝙編编鞭邊边鯿鳊籩笾煸扁匾貶贬碥稨褊藊卞弁汴忭便遍辨…,10/579
十二震,去声,第六部(真文元),im,韧刃讱轫亲,參参岑涔郴琛沉忱諶谌酖掂定今金衿襟錦锦妗浸禁寖噤林淋琳啉霖臨…,5/155
十二震,去声,第六部(真文元),in,镇娠磷引瞵烬鬓讯搢震榇龀迅仞振慎荩缙摈印殡进遴认阵晋汛衬赈蜃亲信,箅篦砭匾貶贬便遍瀕濒擯殯臏膑髕髌鬢稟禀摒嗔瞋臣辰宸陳陈晨塵尘…,32/274
十二震,去声,第六部(真文元),uam,汎,帆凡釩钒樊礬矾犯氾泛范梵範患…,1/15
十二震,去声,第六部(真文元),un,徇谆峻殉润允浚舜骏馂闰瞬俊顺,奔逩賁贲錛锛本苯畚笨飱蟬蝉顫颤舩船舛荈春椿純纯脣淳蒓莼醇鶉鹑…,14/375
十二震,去声,第六部(真文元),urn,瑾馑觐仅殣廑,恩蒽摁根跟哏艮茛痕很狠恨巾斤觔筋卺巹堇僅槿謹谨饉近劤靳覲均鈞…,6/63
十三问,去声,第六部(真文元),eng,拼,浜奔栟崩繃绷迸煸冰兵丙邴秉柄炳餅饼并併並病噌曾層层蹭嘗尝琤偁…,1/769
十三问,去声,第六部(真文元),ian,员,辦办瓣萹蝙編编鞭邊边鯿鳊籩笾煸扁匾貶贬碥稨褊藊卞弁汴忭便遍辨…,1/581
十三问,去声,第六部(真文元),in,隐,箅篦砭匾貶贬便遍瀕濒擯摈殯殡臏膑髕髌鬢鬓稟禀摒嗔瞋臣辰宸陳陈…,1/273
十三问,去声,第六部(真文元),uan,员,般搬半伴拌柈絆绊川穿舩船遄椽傳传喘串釧钏汆攛撺躥蹿鑹镩篡竄窜…,1/430
十三问,去声,第六部(真文元),un,奋璺汶分愠晕煴抆熏问闻郓紊皲蕰忿蕴运粪酝郡捃韵训缊窘,奔逩賁贲錛锛本苯畚笨飱蟬蝉顫颤舩船舛荈春椿純纯脣淳蒓莼醇鶉鹑…,26/377
十三问,去声,第六部(真文元),urn,近斤靳,恩蒽摁根跟哏艮茛痕很狠恨巾觔筋卺巹堇僅仅廑瑾槿謹谨饉馑劤殣覲…,3/62
十三问,去声,第六部(真文元),ut,窘,不鈈钚出齣怵黜猝咄柮飿饳芾沸弗佛拂茀彿怫氟祓艴紱绂紼绋髴黻汩…,1/114
十四愿,去声,第七部(元寒删先),ian,堰圈健远建劝愿献怨郾宪键券,辦办瓣萹蝙編编鞭邊边鯿鳊籩笾煸扁匾貶贬碥稨褊藊卞弁汴忭便遍辨…,13/581
十四愿,去声,第七部(元寒删先),ok,万,白百佰柏雹薄暴㩧㿺帛舶鉑铂箔礴卜啵蔔醭簿亍齪龊蔟簇蹙蹴纛督毒…,1/297
十四愿,去声,第七部(元寒删先),uan,圈曼愿万蔓贩畹饭楦券挽绻,般搬半伴拌柈絆绊川穿舩船遄椽傳传喘串釧钏汆攛撺躥蹿鑹镩篡竄窜…,12/428
十四愿,去声,第七部(元寒删先),uh,焌腯,哱欻鶻鹘呴窟噗入射吸㰵嘬…,2/14
十四愿,去声,第七部(元寒删先),ui,褪,杯卑背椑悲貝贝倍狽狈悖焙蓓碚誖輩辈扯𠡒揣膗踹膪圌吹炊垂陲捶搥…,1/463
十四愿,去声,第七部(元寒删先),un,逊寸钝顿巽敦惛困嫩溷喷奔诨论闷揾噀遁,逩賁贲錛锛本苯畚笨飱蟬蝉顫颤舩船舛荈春椿純纯脣淳蒓莼醇鶉鹑蠢…,18/377
十四愿,去声,第七部(元寒删先),urn,恨艮,恩蒽摁根跟哏茛痕很狠巾斤觔筋卺巹堇僅仅廑瑾槿謹谨饉馑近劤靳殣…,2/63
十五翰,去声,第七部(元寒删先),ai,岸,哎哀埃挨唉捱皚皑矮藹蔼靄霭艾砹隘𱐿噯嗳嬡嫒𡟓礙碍捭擺摆襬拜敗…,1/356
十五翰,去声,第七部(元寒删先),am,唤,癌庵盦諳谙闇鵪鹌揞暗黯叄叁參参驂骖慚惭慙蠶蚕慘惨憯岑涔摻掺攙…,1/229
十五翰,去声,第七部(元寒删先),an,岸悍捍攒侃顸摊澜炭滩难伞晏看谰汗弹灿疸烂叹粲案翰瀚但干按犴惮璨趱旰旦汉赞斓钻散焊,安桉氨鞍俺銨铵胺扳班般斑搬頒颁瘢癍阪坂板版蝂闆扮辦办便餐殘残…,40/320
十五翰,去声,第七部(元寒删先),ian,干,辦办瓣萹蝙編编鞭邊边鯿鳊籩笾煸扁匾貶贬碥稨褊藊卞弁汴忭便遍辨…,1/581
十五翰,去声,第七部(元寒删先),uan,漫断攒畔鹳绊灌玩伴幔蒜爨罐叛撺算乱墁段祼腕馆缎胖窜逭半贯唤观涣奂惋婉判冠泮谩焕盥锻换,般搬拌柈絆川穿舩船遄椽傳传喘串釧钏汆攛躥蹿鑹镩篡竄皴耑端短塅…,42/425
十五翰,去声,第七部(元寒删先),uann,炭焊,安鞍般搬坂殘残產产丹單单撣掸憚彈番販贩杆肝竿秆桿稈趕赶官倌棺…,2/108
十六谏,去声,第七部(元寒删先),am,羼,癌庵盦諳谙闇鵪鹌揞暗黯叄叁參参驂骖慚惭慙蠶蚕慘惨憯岑涔摻掺攙…,1/229
十六谏,去声,第七部(元寒删先),an,讪办间疝裥铲涧汕扮袒襻晏盼,安桉氨鞍俺銨铵犴岸按胺案扳班般斑搬頒颁瘢癍阪坂板版蝂闆辦便餐…,13/315
十六谏,去声,第七部(元寒删先),ap,栅,凹插扱鍤锸耷搭嗒褡沓剳答溚瘩呷蓋盖鴿鸽蛤合佮頜颌郃盍盒闔阖圾…,1/124
十六谏,去声,第七部(元寒删先),ian,雁赝办栈间谏苋绽瓣,辦萹蝙編编鞭邊边鯿鳊籩笾煸扁匾貶贬碥稨褊藊卞弁汴忭便遍辨辮辫…,9/581
十六谏,去声,第七部(元寒删先),uam,患,帆凡釩钒樊礬矾犯氾泛汎范梵範…,1/15
十六谏,去声,第七部(元寒删先),uan,豢慢轘嫚串宦绾幻篡惯擐谩,般搬半伴拌柈絆绊川穿舩船遄椽傳传喘釧钏汆攛撺躥蹿鑹镩竄窜爨皴…,12/429
十七霰,去声,第七部(元寒删先),ai,嫒,哎哀埃挨唉捱皚皑矮藹蔼靄霭艾砹隘𱐿噯嗳嬡𡟓礙碍岸捭擺摆襬拜敗…,1/355
十七霰,去声,第七部(元寒删先),an,拣单,安桉氨鞍俺銨铵犴岸按胺案扳班般斑搬頒颁瘢癍阪坂板版蝂闆扮辦办…,2/311
十七霰,去声,第七部(元寒删先),eng,瞑拼穿,浜奔栟崩繃绷迸煸冰兵丙邴秉柄炳餅饼并併並病噌曾層层蹭嘗尝琤偁…,3/763
十七霰,去声,第七部(元寒删先),iam,念,覘觇幨嬋婵蟬蝉蟾諂谄敁掂踮點点坫店玷惦扂墊垫簟鞥尖兼蒹緘缄縑…,1/220
十七霰,去声,第七部(元寒删先),ian,堰钿泫贱谴汧媛扇邅茜倩伣彦院遣援填燕煎蒨变擅砚卞颤先见弁殿练碾延睊柬阗荐涎谳羡禅忭淀饯牵溅霰楝宴炫面单甸辗狷缮战现缱缠罥县𪾢靛衍研膳电眩谚唁煽嬗链咽绚箭奠眄绽鄯畋片线便善佃嬿绢缘蚬汴,辦办瓣萹蝙編编鞭邊边鯿鳊籩笾煸扁匾貶贬碥稨褊藊遍辨辮辫辯辩變…,91/581
十七霰,去声,第七部(元寒删先),iat,蔑咽,憋徶鱉鳖別别彆癶掣撤徹彻澈抶跌迭耊垤昳瓞耋絰绖鱖鳜虢唧即恝揭…,2/153
十七霰,去声,第七部(元寒删先),in,碾洊鄄,箅篦砭匾貶贬遍瀕濒擯摈殯殡臏膑髕髌鬢鬓稟禀摒嗔瞋臣辰宸陳陈晨…,3/263
十七霰,去声,第七部(元寒删先),iu,授,彪滮抽犨仇惆酬稠愁裯綢绸儔俦幬帱疇畴籌筹躊踌讐讎雠丑瞅醜臭稻…,1/326
十七霰,去声,第七部(元寒删先),ng,穿,榜本甭倉仓艙舱長长腸肠川傳瘡疮牀床創创刺邨村當当鐺铛荡盪段塅…,1/160
十七霰,去声,第七部(元寒删先),oinn,趼,班斑板版辦办蠶蚕睇典橂反蓋盖還还肩間间剪揀襇裥繭茧簡简看蓮莲…,1/52
十七霰,去声,第七部(元寒删先),uan,啭恋旋穿倦串眷掾传馔娈选漩撰转钏缘,般搬半伴拌柈絆绊川舩船遄椽傳喘釧汆攛撺躥蹿鑹镩篡竄窜爨皴耑端…,17/430
十七霰,去声,第七部(元寒删先),uann,僆煎,安鞍按案般搬坂半伴殘残產产丹單撣掸旦憚惮彈弹番販贩杆肝竿秆桿…,2/123
十七霰,去声,第七部(元寒删先),un,噀,奔逩賁贲錛锛本苯畚笨飱蟬蝉顫舩船舛荈春椿純纯脣淳蒓莼醇鶉鹑蠢…,1/375
十八啸,去声,第八部(萧肴豪),au,哨少,凹敖𠢕嶅遨嗷廒獒熬聱螯翱鏖鰲鳌媼媪襖袄坳拗奡傲奧奥隩嶴岙澳懊…,2/488
十八啸,去声,第八部(萧肴豪),iah,峭,壁璧拆赤糴籴蝶額额屐脊迹跡蹟揭訐讦劇剧掠癖辟僻雀食錫锡席隙歇…,1/47
十八啸,去声,第八部(萧肴豪),iak,皭约,杓蘗綽绰菔爵嚼撂掠略淖臬鎳镍虐瘧疟怯卻却雀鵲鹊若弱婼蒻箬篛勺…,2/180
十八啸,去声,第八部(萧肴豪),iau,俏耀劭调轿俵绕醮粜叫疗燎诏啸峤要剿照饶獠肖料茑鹩镣邵娆诮钓廖烧悄剽嘹骠眺漂婊尿妙摇跳峭铫鹞曜掉鞘票裱艞吊召笑少窍庙,詏𬣦杓標标膘瀌瘭鏢镖驃飆飙飈飚鑣镳表錶鰾鳔超晁朝嘲潮瘳刁叼汈…,57/417
十八啸,去声,第八部(萧肴豪),iu,莜,彪滮抽犨仇惆酬稠愁裯綢绸儔俦幬帱疇畴籌筹躊踌讐讎雠丑瞅醜臭稻…,1/325
十九效,去声,第八部(萧肴豪),ak,乐爆,雹暴㩧北剝剥亳博搏駁驳膊戳錯错毒獨独讀读度踱鐸铎恶堊垩鄂惡萼…,2/198
十九效,去声,第八部(萧肴豪),au,校疱钞炮淖酵棹罩趵孝泡豹拗较爆刨闹貌绞,凹敖𠢕嶅遨嗷廒獒熬聱螯翱鏖鰲鳌媼媪襖袄坳奡傲奧奥隩嶴岙澳懊鏊…,19/489
十九效,去声,第八部(萧肴豪),iak,乐淖,杓蘗綽绰菔皭爵嚼撂掠略臬鎳镍虐瘧疟怯卻却雀鵲鹊若弱婼蒻箬篛勺…,2/180
十九效,去声,第八部(萧肴豪),iau,抓稍校窖硗胶酵敲教孝效较绞桡,詏𬣦杓標标膘瀌瘭鏢镖驃骠飆飙飈飚鑣镳表婊裱錶俵鰾鳔超晁朝嘲潮…,14/417
十九效,去声,第八部(萧肴豪),iok,觉,隩畜搐觸触矗戳促馥寂腳脚匊掬鞠鞫局侷菊跼覺可克刻氪六陸陆淥渌…,1/147
十九效,去声,第八部(萧肴豪),oh,踔,薄舶鉑铂駁驳箔礴觸触掇恶厄呃惡愕㕺閤阁閣鶴鹤駱骆落絡络摞犖荦…,1/73
十九效,去声,第八部(萧肴豪),ok,乐,白百佰柏雹薄暴㩧㿺帛舶鉑铂箔礴卜啵蔔醭簿亍齪龊蔟簇蹙蹴纛督毒…,1/298
十九效,去声,第八部(萧肴豪),ua,抓,貝贝播簸大帶带舵蓋盖歌呱瓜卦挂掛罣罫褂禾何和龢花華华嘩哗鏵铧…,1/119
二十号,去声,第八部(萧肴豪),ak,瀑凿,雹爆㩧北剝剥亳博搏駁驳膊戳錯错毒獨独讀读度踱鐸铎恶堊垩鄂惡萼…,2/198
二十号,去声,第八部(萧肴豪),au,犒耗套蹈冒氉隩暴郜媢报帽倒涝缟糙到膏悼奡旄告号噪漕傲躁澳靠操祷好盗导抱韬耄造骜芼劳焘纛瑁慥懊燠埽奥诰,凹敖𠢕嶅遨嗷廒獒熬聱螯翱鏖鰲鳌媼媪襖袄坳拗奧嶴岙鏊驁包苞孢枹…,50/490
二十号,去声,第八部(萧肴豪),iau,潦,詏𬣦杓標标膘瀌瘭鏢镖驃骠飆飙飈飚鑣镳表婊裱錶俵鰾鳔超晁朝嘲潮…,1/417
二十号,去声,第八部(萧肴豪),iok,隩燠,畜搐觸触矗戳促馥寂腳脚匊掬鞠鞫局侷菊跼覺觉可克刻氪六陸陆淥渌…,2/147
二十号,去声,第八部(萧肴豪),ok,冒暴告纛,白百佰柏雹薄㩧㿺帛舶鉑铂箔礴卜啵蔔醭簿亍齪龊蔟簇蹙蹴督毒獨独…,4/298
二十一个,去声,第九部(歌戈),a,蹉那大,阿錒锕啊拗詏𬣦巴扒叭芭疤粑豝把靶爸耙罷罢霸壩坝灞欛吧骲飽饱趵…,3/239
二十一个,去声,第九部(歌戈),ai,个奈大,哎哀埃挨唉捱皚皑矮藹蔼靄霭艾砹隘𱐿噯嗳嬡嫒𡟓礙碍岸捭擺摆襬拜…,3/356
二十一个,去声,第九部(歌戈),ak,作,雹暴爆㩧北剝剥亳博搏駁驳膊戳錯错毒獨独讀读度踱鐸铎恶堊垩鄂惡…,1/198
二十一个,去声,第九部(歌戈),an,瘅,安桉氨鞍俺銨铵犴岸按胺案扳班般斑搬頒颁瘢癍阪坂板版蝂闆扮辦办…,1/320
二十一个,去声,第九部(歌戈),e,些,嗄扒把爸耙唄呗廁厕叉扠杈茶查差儕侪車车硨砗扯尺爹父華华藉籍加…,1/156
二十一个,去声,第九部(歌戈),o,嶓挫呵卧磨糯惰座剁和摩裹播坐簸懦货颇个锉破课磋饿轲贺左驮过莝唾髁逻坷佐,阿襖袄薄保寶宝抱報报陂波玻菠跛啵糙曹槽草初鋤锄楚礎础搓矬鹺鹾…,35/383
二十一个,去声,第九部(歌戈),ok,缚,白百佰柏雹薄暴㩧㿺帛舶鉑铂箔礴卜啵蔔醭簿亍齪龊蔟簇蹙蹴纛督毒…,1/297
二十一个,去声,第九部(歌戈),u,呼,煲烳逋晡捕哺補补布步佈怖部埠簿肏誧𰵩䯙初樗除芻刍滁蜍鋤锄廚厨…,1/726
二十一个,去声,第九部(歌戈),ua,颇,貝贝帶带舵蓋盖歌呱瓜卦挂掛罣罫褂禾何龢花華华嘩哗鏵铧驊骅化划…,1/113
二十一个,去声,第九部(歌戈),uan,涴,般搬半伴拌柈絆绊川穿舩船遄椽傳传喘串釧钏汆攛撺躥蹿鑹镩篡竄窜…,1/429
二十一个,去声,第九部(歌戈),ue,货挼,掰㧳杯揹背貝贝倍狽狈悖被焙蓓碚誖褙輩辈鋇钡菠揣吹炊棰箠兌兑裰…,2/196
二十一个,去声,第九部(歌戈),ui,蜕,杯卑背椑悲貝贝倍狽狈悖焙蓓碚誖輩辈扯𠡒揣膗踹膪圌吹炊垂陲捶搥…,1/463
二十二祃,去声,第十部(麻),a,灞娅侘亚坝汊衩骂霸乍杈姹诧杷罢靶,阿錒锕啊拗詏𬣦巴扒叭芭疤粑豝把爸耙罷壩欛吧骲飽饱趵豹礤叉扠餷…,16/238
二十二祃,去声,第十部(麻),an,怕,安桉氨鞍俺銨铵犴岸按胺案扳班般斑搬頒颁瘢癍阪坂板版蝂闆扮辦办…,1/320
二十二祃,去声,第十部(麻),ap,蜡,凹插扱鍤锸耷搭嗒褡沓剳答溚瘩呷蓋盖鴿鸽蛤合佮頜颌郃盍盒闔阖圾…,1/124
二十二祃,去声,第十部(麻),e,哑赦泻砑嗄偌夜卸藉炙蔗鹧假谢舍射麝榭,扒把爸耙唄呗廁厕叉扠茶查差儕侪車车硨砗扯尺爹父華籍加枷家耞袈…,18/144
二十二祃,去声,第十部(麻),ek,吓藉炙笮借,隘白百佰柏薄北逼愎煏愊碧薜壁璧襞伯帛舶擘卜蔔冊册側侧策廁厕測…,5/472
二十二祃,去声,第十部(麻),ia,呀罅暇迓下稼谢架嫁价讶驾厍柘夏,才車车硨砗爹伽籍徛寄加佳迦珈枷痂家耞笳袈葭跏傢嘉斝賈贾檟槚價…,15/124
二十二祃,去声,第十部(麻),iah,柘,壁璧拆赤糴籴蝶額额屐脊迹跡蹟揭訐讦劇剧掠癖辟僻峭雀食錫锡席隙…,1/47
二十二祃,去声,第十部(麻),u,埧罅,煲烳逋晡捕哺補补布步佈怖部埠簿肏誧𰵩䯙初樗除芻刍滁蜍鋤锄廚厨…,2/726
二十二祃,去声,第十部(麻),ua,桦跨华化胯话窊,貝贝播簸大帶带舵蓋盖歌呱瓜卦挂掛罣罫褂禾何和龢花華嘩哗鏵铧驊…,7/119
二十三漾,去声,第二部(江阳唐),ang,怆藏炕汤亢桁当傥彷阆行丧挡傍脏浪砀抗伉葬壮谤吭宕荡创颃,骯肮昂邦梆浜幫帮綁绑榜膀蚌棒蒡稖磅謗崩繃绷甏蹦倉仓蒼苍滄沧艙…,27/516
二十三漾,去声,第二部(江阳唐),eng,桁行,浜奔栟崩繃绷迸煸冰兵丙邴秉柄炳餅饼并併並病噌曾層层蹭嘗尝琤偁…,2/771
二十三漾,去声,第二部(江阳唐),iak,掠,杓蘗綽绰菔皭爵嚼撂略淖臬鎳镍虐瘧疟怯卻却雀鵲鹊若弱婼蒻箬篛勺…,1/180
二十三漾,去声,第二部(江阳唐),iang,相张恙涨向养嶂长胀尚乡让亮怅鬯酱将谅怏炀帐仗饷漾畅障喨仰样两偿量上飏唱酿匠杖瘴,昌倀伥菖猖娼閶阊鯧鲳長萇苌常徜場场腸肠嘗尝嫦嚐償鱨鲿昶敞廠厂…,39/546
二十三漾,去声,第二部(江阳唐),ionn,怅,鯧鲳長常場场嘗尝嚐償鱨鲿悵創恆恒忌儉俭姜漿浆薑蔣蒋槳桨醬噤梁…,1/105
二十三漾,去声,第二部(江阳唐),ong,盎,幫帮膀蚌磅鎊镑甭泵窗囱幢匆蔥葱聰聪驄骢淙琮蕩冬東东咚氡蝀鼕董…,1/306
二十三漾,去声,第二部(江阳唐),uang,忘贶妄况妨装访望状桄潢旺舫防圹诳王广放旷,牀床噇闖闯方邡坊芳枋鈁钫肪房仿昉倣紡纺訪髣封風风瘋疯觥光洸胱…,20/386
二十四敬,去声,第十一部(庚青蒸),ang,行榜绗,骯肮昂邦梆浜幫帮綁绑膀蚌棒傍蒡稖磅謗谤崩繃绷甏蹦倉仓蒼苍滄沧…,3/518
二十四敬,去声,第十一部(庚青蒸),eng,硬圣迸更诤晟证镜请并庆令柄娉轻姓盛孟郑敬靓盟命映评劲行凊正蜢迎横侦炳檠竟政儆邴病性净帧竞聘,浜奔栟崩繃绷煸冰兵丙秉餅饼併並噌曾層层蹭嘗尝琤偁稱称撐撑赬赪…,45/770
二十四敬,去声,第十一部(庚青蒸),ia,令,才車车硨砗爹伽藉籍徛寄加佳迦珈枷痂家耞笳袈葭跏傢嘉斝賈贾檟槚…,1/137
二十四敬,去声,第十一部(庚青蒸),ian,倩,辦办瓣萹蝙編编鞭邊边鯿鳊籩笾煸扁匾貶贬碥稨褊藊卞弁汴忭便遍辨…,1/578
二十四敬,去声,第十一部(庚青蒸),iang,伥映,昌倀菖猖娼閶阊鯧鲳長长萇苌常徜場场腸肠嘗尝嫦嚐償偿鱨鲿昶敞廠…,2/545
二十四敬,去声,第十一部(庚青蒸),iann,摒,艾搬冰兵丙餅饼併成呈城埕程鼎定訂订錠锭囝件健𩟗𫗚京晶經经精腈…,1/80
二十四敬,去声,第十一部(庚青蒸),in,摒,箅篦砭匾貶贬便遍瀕濒擯摈殯殡臏膑髕髌鬢鬓稟禀嗔瞋臣辰宸陳陈晨…,1/271
二十四敬,去声,第十一部(庚青蒸),ueng,横泳咏,耿橫衡蘅薨弘宏泓憬傾倾頃顷惸煢茕潁颍穎颖孕嬴永詠營瑩塋嶸榮滎…,3/48
二十五径,去声,第十一部(庚青蒸),eng,饤应钉胫橙径醒证兴听罄经瞑泞孕庭靘廷甑锭塍瞪凌剩媵镫赠凳刭邓泾蹭陉甯暝订凝磴磬胜乘称蹬佞定,浜奔栟崩繃绷迸煸冰兵丙邴秉柄炳餅饼并併並病噌曾層层嘗尝琤偁稱…,45/772
二十五径,去声,第十一部(庚青蒸),ian,奠甸,辦办瓣萹蝙編编鞭邊边鯿鳊籩笾煸扁匾貶贬碥稨褊藊卞弁汴忭便遍辨…,2/580
二十六宥,去声,第十二部(尤),an,瘦,安桉氨鞍俺銨铵犴岸按胺案扳班般斑搬頒颁瘢癍阪坂板版蝂闆扮辦办…,1/320
二十六宥,去声,第十二部(尤),au,瞀吼贸茂懋袤,凹敖𠢕嶅遨嗷廒獒熬聱螯翱鏖鰲鳌媼媪襖袄坳拗奡傲奧奥隩嶴岙澳懊…,6/468
二十六宥,去声,第十二部(尤),e,炙,嗄扒把爸耙唄呗廁厕叉扠杈茶查差儕侪車车硨砗扯尺爹父華华藉籍加…,1/156
二十六宥,去声,第十二部(尤),ek,炙,隘白百佰柏薄北逼愎煏愊碧薜壁璧襞伯帛舶擘卜蔔冊册側侧策廁厕測…,1/467
二十六宥,去声,第十二部(尤),i,句,稗陂卑背悲碑被備备鞁憊惫鞴賁贲屄腟鼻匕疕比妣彼秕俾鄙魮𱇒庇畀…,1/960
二十六宥,去声,第十二部(尤),iau,皱繇绉廖,詏𬣦杓標标膘瀌瘭鏢镖驃骠飆飙飈飚鑣镳表婊裱錶俵鰾鳔超晁朝嘲潮…,4/414
二十六宥,去声,第十二部(尤),iok,宿肉畜陆,隩搐觸触矗戳促馥寂腳脚匊掬鞠鞫局侷菊跼覺觉可克刻氪六陸淥渌逯…,4/147
二十六宥,去声,第十二部(尤),iu,瘤柚救犹蹂柩守就缪锈皱昼馏售臭究籀留酎囿袖繇授绶狃宿秀漱佑祐侑厩岫鼬旧谬琇灸鞣甃又兽溜狖狩宥绣鹫僦右疚咒寿收油宙糅首,彪滮抽犨仇惆酬稠愁裯綢绸儔俦幬帱疇畴籌筹躊踌讐讎雠丑瞅醜稻丟…,58/325
二十六宥,去声,第十二部(尤),iun,糗,復休咻髹庥貅鵂幽攸悠麀朽嗅溴…,1/15
二十六宥,去声,第十二部(尤),iunnh,幼,,1/1
二十六宥,去声,第十二部(尤),o,耨,阿襖袄薄保寶宝抱報报陂波玻菠播嶓跛簸啵糙曹槽草初鋤锄楚礎础搓…,1/384
二十六宥,去声,第十二部(尤),ok,复缪蔟嗾族仆读副覆辐渎伏,白百佰柏雹薄暴㩧㿺帛舶鉑铂箔礴卜啵蔔醭簿亍齪龊簇蹙蹴纛督毒獨…,12/297
二十六宥,去声,第十二部(尤),ong,瞀贸茂懋袤,盎幫帮膀蚌磅鎊镑甭泵窗囱幢匆蔥葱聰聪驄骢淙琮蕩荡冬東东咚氡蝀…,5/308
二十六宥,去声,第十二部(尤),ou,候骤堠逅嗽冓窦漏觏构𫍲腠透奏诟鞲寇彀逗脰媾漱豆读瘦句购簉凑鲎后辏遘陋扣厚沤斗蔻走,煲哺補补布步部埠踄簿愁廚厨觕湊輳粗醋都唗兜篼抖枓陡蚪鬥痘餖竇…,40/350
二十六宥,去声,第十二部(尤),u,仆镂副嵝姆戊偻富窬,煲烳逋晡捕哺補补布步佈怖部埠簿肏誧𰵩䯙初樗除芻刍滁蜍鋤锄廚厨…,9/722
二十七沁,去声,第十三部(侵),am,谮喑渗谶,癌庵盦諳谙闇鵪鹌揞暗黯叄叁參参驂骖慚惭慙蠶蚕慘惨憯岑涔摻掺攙…,4/228
二十七沁,去声,第十三部(侵),iam,渗,覘觇幨嬋婵蟬蝉蟾諂谄敁掂踮點点坫店玷惦扂墊垫簟鞥尖兼蒹緘缄縑…,1/221
二十七沁,去声,第十三部(侵),im,纴揕饮临枕任赁吟荫妊鸩深喑沁衽禁窨恁森沈浸噤妗甚,參参岑涔郴琛沉忱諶谌酖掂定今金衿襟錦锦寖林淋琳啉霖臨凜凛廩廪…,24/157
二十七沁,去声,第十三部(侵),in,恁,箅篦砭匾貶贬便遍瀕濒擯摈殯殡臏膑髕髌鬢鬓稟禀摒嗔瞋臣辰宸陳陈…,1/274
二十七沁,去声,第十三部(侵),ou,醅,煲哺補补布步部埠踄簿愁廚厨觕湊凑腠輳辏粗醋都唗兜篼抖枓陡蚪斗…,1/355
二十七沁,去声,第十三部(侵),uang,闯,牀床噇闖方邡坊芳枋鈁钫防妨肪房仿昉倣舫紡纺訪访髣放封風风瘋疯…,1/387
二十七沁,去声,第十三部(侵),ue,醅,掰㧳杯揹背貝贝倍狽狈悖被焙蓓碚誖褙輩辈鋇钡菠揣吹炊棰箠兌兑裰…,1/201
二十七沁,去声,第十三部(侵),ui,维,杯卑背椑悲貝贝倍狽狈悖焙蓓碚誖輩辈扯𠡒揣膗踹膪圌吹炊垂陲捶搥…,1/463
二十七沁,去声,第十三部(侵),un,蕈,奔逩賁贲錛锛本苯畚笨飱蟬蝉顫颤舩船舛荈春椿純纯脣淳蒓莼醇鶉鹑…,1/377
二十七沁,去声,第十三部(侵),urn,恁,恩蒽摁根跟哏艮茛痕很狠恨巾斤觔筋卺巹堇僅仅廑瑾槿謹谨饉馑近劤…,1/63
二十八勘,去声,第十四部(覃盐咸),am,淦嵌淡阚勘啖唅澹憨探瞰喑錾担憾暗三缆参绀磡赣滥,癌庵盦諳谙闇鵪鹌揞黯叄叁參驂骖慚惭慙蠶蚕慘惨憯岑涔摻掺攙搀儳…,23/229
二十八勘,去声,第十四部(覃盐咸),an,掸,安桉氨鞍俺銨铵犴岸按胺案扳班般斑搬頒颁瘢癍阪坂板版蝂闆扮辦办…,1/317
二十八勘,去声,第十四部(覃盐咸),iam,睒暂,覘觇幨嬋婵蟬蝉蟾諂谄敁掂踮點点坫店玷惦扂墊垫簟鞥尖兼蒹緘缄縑…,2/221
二十八勘,去声,第十四部(覃盐咸),im,鸩喑参,參岑涔郴琛沉忱諶谌酖掂定今金衿襟錦锦妗浸禁寖噤林淋琳啉霖臨临…,3/157
二十九艳,去声,第十四部(覃盐咸),an,俺,安桉氨鞍銨铵犴岸按胺案扳班般斑搬頒颁瘢癍阪坂板版蝂闆扮辦办便…,1/320
二十九艳,去声,第十四部(覃盐咸),enn,餍,把柄病撐撑瞠蹬庚耕賡赓鶊鹒羹埂哽梗綆绠骾鯁鲠更勁劲菁粳經经井…,1/93
二十九艳,去声,第十四部(覃盐咸),iam,玷盐僭痁验店艳苫闪殓厌忝垫点赡椠髯敛潋剑占沾渐餍兼潜念焱坫欠滟焰觇幨酽,覘嬋婵蟬蝉蟾諂谄敁掂踮點惦扂墊簟鞥尖蒹緘缄縑缣殲歼減减碱儉俭…,35/221
二十九艳,去声,第十四部(覃盐咸),iap,胁,臿插堞喋牒碟蝶蹀諜谍疊叠浹浃裌夹夾郟郏莢荚袷蛺蛱鋏铗頰颊接劫…,1/130
二十九艳,去声,第十四部(覃盐咸),in,砭,箅篦匾貶贬便遍瀕濒擯摈殯殡臏膑髕髌鬢鬓稟禀摒嗔瞋臣辰宸陳陈晨…,1/274
三十陷,去声,第十四部(覃盐咸),am,谗阚站蘸陷鉴忏监儳,癌庵盦諳谙闇鵪鹌揞暗黯叄叁參参驂骖慚惭慙蠶蚕慘惨憯岑涔摻掺攙…,9/229
三十陷,去声,第十四部(覃盐咸),iam,淹剑欠,覘觇幨嬋婵蟬蝉蟾諂谄敁掂踮點点坫店玷惦扂墊垫簟鞥尖兼蒹緘缄縑…,3/221
三十陷,去声,第十四部(覃盐咸),uam,梵帆汎泛氾,凡釩钒樊礬矾犯范範患…,5/15
三十陷,去声,第十四部(覃盐咸),uan,赚,般搬半伴拌柈絆绊川穿舩船遄椽傳传喘串釧钏汆攛撺躥蹿鑹镩篡竄窜…,1/430
一屋,入声,第十五部(屋沃),ak,𬒈碡瀑,雹爆㩧北剝剥亳博搏駁驳膊戳錯错毒獨讀度踱鐸铎恶堊垩鄂惡萼愕腭…,3/183
一屋,入声,第十五部(屋沃),ap,肭,凹插扱鍤锸耷搭嗒褡沓剳答溚瘩呷蓋盖鴿鸽蛤合佮頜颌郃盍盒闔阖圾…,1/124
一屋,入声,第十五部(屋沃),au,暴澳毣燠,凹敖𠢕嶅遨嗷廒獒熬聱螯翱鏖鰲鳌媼媪襖袄坳拗奡傲奧奥隩嶴岙懊鏊…,4/488
一屋,入声,第十五部(屋沃),ek,逼秃恧槭,隘白百佰柏薄北愎煏愊碧薜壁璧襞伯帛舶擘蔔冊册側侧策廁厕測测惻…,4/453
一屋,入声,第十五部(屋沃),iap,倏,臿插堞喋牒碟蝶蹀諜谍疊叠浹浃裌夹夾郟郏莢荚袷蛺蛱鋏铗頰颊接劫…,1/131
一屋,入声,第十五部(屋沃),iau,翛朴蓼,詏𬣦杓標标膘瀌瘭鏢镖驃骠飆飙飈飚鑣镳表婊裱錶俵鰾鳔超晁朝嘲潮…,3/416
一屋,入声,第十五部(屋沃),iok,涑俶碌郁鬻蓿喌彧菽鞫粥轴祝掬肃馥戮啄煜筑逐宿淑孰矗谡昱育竺淯搐妯缩毓鞠熟肉夙录畜叔塾蓄菊僇竹陆六燠,隩觸触戳促寂腳脚匊局侷跼覺觉可克刻氪陸淥渌逯錄綠绿曲蛐麯麴卻…,49/147
一屋,入声,第十五部(屋沃),iu,柚喌就缪衄囿宿僇,彪滮抽犨仇惆酬稠愁裯綢绸儔俦幬帱疇畴籌筹躊踌讐讎雠丑瞅醜臭稻…,8/325
一屋,入声,第十五部(屋沃),o,噢,阿襖袄薄保寶宝抱報报陂波玻菠播嶓跛簸啵糙曹槽草初鋤锄楚礎础搓…,1/383
一屋,入声,第十五部(屋沃),ok,牧复穆鹿簏鹜碌喾蝮蝠缪霂麓蔟嗾簇族蹴觫毂𫗧鳆仆目啄幅槭独沐斛哭濮朴扑读屋縠睦蔌觳副黩椟摝蹼髑禄茯速木菔腹槲蹙讟服暴甪辘覆犊牍福卜醭匐辐国榖洑苜镞漉渎谷伏簌,白百佰柏雹薄㩧㿺帛舶鉑铂箔礴啵蔔簿亍齪龊纛督毒獨匵瀆櫝殰犢牘…,77/282
一屋,入声,第十五部(屋沃),ou,毂读骰,煲哺補补布步部埠踄簿愁廚厨觕湊凑腠輳辏粗醋都唗兜篼抖枓陡蚪斗…,3/355
一屋,入声,第十五部(屋沃),u,鹜仆副辘,煲烳逋晡捕哺補补布步佈怖部埠簿肏誧𰵩䯙初樗除芻刍滁蜍鋤锄廚厨…,4/725
一屋,入声,第十五部(屋沃),ui,颓,杯卑背椑悲貝贝倍狽狈悖焙蓓碚誖輩辈扯𠡒揣膗踹膪圌吹炊垂陲捶搥…,1/463
一屋,入声,第十五部(屋沃),ut,郁,不鈈钚出齣怵黜猝咄柮飿饳芾沸弗佛拂茀彿怫氟祓艴紱绂紼绋髴黻汩…,1/114
二沃,入声,第十五部(屋沃),ak,𬒈,暴爆㩧剝剥亳博搏駁驳膊戳錯错獨独讀读度踱鐸铎恶堊垩鄂惡萼愕腭…,1/194
二沃,入声,第十五部(屋沃),au,雹告郜纛,凹敖𠢕嶅遨嗷廒獒熬聱螯翱鏖鰲鳌媼媪襖袄坳拗奡傲奧奥隩嶴岙澳懊…,4/491
二沃,入声,第十五部(屋沃),ek,北菉,隘白百佰柏薄逼愎煏愊碧薜壁璧襞伯帛舶擘卜蔔冊册側侧策廁厕測测…,2/462
二沃,入声,第十五部(屋沃),iok,跼狱逯辱局浴玉褥蜀触渌粟缛瞩束勖绿鹆顼欲属溽促俗赎曲烛镯蠋录躅旭瘃足续蓐嘱,隩畜搐觸矗戳馥寂腳脚匊掬鞠鞫侷菊覺觉可克刻氪六陸陆淥碌僇戮錄…,37/147
二沃,入声,第十五部(屋沃),iong,跫,冲充沖忡茺翀舂衝憧艟崇蟲虫寵宠銃铳蓯苁樅枞從从叢丛弓供恭躬宮…,1/171
二沃,入声,第十五部(屋沃),iu,臼,彪滮抽犨仇惆酬稠愁裯綢绸儔俦幬帱疇畴籌筹躊踌讐讎雠丑瞅醜臭稻…,1/326
二沃,入声,第十五部(屋沃),ok,喾酷笃雹镤鋈梏仆沃告禄亍鹄毒督谷纛,白百佰柏薄暴㩧㿺帛舶鉑铂箔礴卜啵蔔醭簿齪龊蔟簇蹙蹴獨独匵瀆渎…,17/284
二沃,入声,第十五部(屋沃),u,数仆趣,煲烳逋晡捕哺補补布步佈怖部埠簿肏誧𰵩䯙初樗除芻刍滁蜍鋤锄廚厨…,3/724
三觉,入声,第十六部(觉药),ak,驳剥𬒈峃悫角濯岳桷壳乐榷学确玨爆搦,㩧北剝亳博搏駁膊戳錯错毒獨独讀读度踱鐸铎恶堊垩鄂惡萼愕腭噩㕺…,17/196
三觉,入声,第十六部(觉药),au,瞀棹较雹趵暴滈爆貌,凹敖𠢕嶅遨嗷廒獒熬聱螯翱鏖鰲鳌媼媪襖袄坳拗奡傲奧奥隩嶴岙澳懊…,9/491
三觉,入声,第十六部(觉药),ek,搦,隘白百佰柏薄北逼愎煏愊碧薜壁璧襞伯帛舶擘卜蔔冊册側侧策廁厕測…,1/471
三觉,入声,第十六部(觉药),iah,擢,壁璧拆赤糴籴蝶額额屐脊迹跡蹟揭訐讦劇剧掠癖辟僻峭雀食錫锡席隙…,1/47
三觉,入声,第十六部(觉药),iak,药跃乐,杓蘗綽绰菔皭爵嚼撂掠略淖臬鎳镍虐瘧疟怯卻却雀鵲鹊若弱婼蒻箬篛…,3/180
三觉,入声,第十六部(觉药),iau,较邈朴藐,詏𬣦杓標标膘瀌瘭鏢镖驃骠飆飙飈飚鑣镳表婊裱錶俵鰾鳔超晁朝嘲潮…,4/416
三觉,入声,第十六部(觉药),iok,觉琢倬啄岳浊卓镯学躅涿,隩畜搐觸触矗戳促馥寂腳脚匊掬鞠鞫局侷菊跼覺可克刻氪六陸陆淥渌…,11/147
三觉,入声,第十六部(觉药),o,喔,阿襖袄薄保寶宝抱報报陂波玻菠播嶓跛簸啵糙曹槽草初鋤锄楚礎础搓…,1/384
三觉,入声,第十六部(觉药),oh,荦踔,薄舶鉑铂駁箔礴觸触掇恶厄呃惡愕㕺閤阁閣鶴鹤駱骆落絡络摞犖麼么…,2/67
三觉,入声,第十六部(觉药),ok,龊龌斮握雹角鳆璞啄朴觳捉暴喔乐渥诼幄斲,白百佰柏薄㩧㿺帛舶鉑铂箔礴卜啵蔔醭簿亍齪蔟簇蹙蹴纛督毒獨独匵…,19/293
三觉,入声,第十六部(觉药),ong,瞀,盎幫帮膀蚌磅鎊镑甭泵窗囱幢匆蔥葱聰聪驄骢淙琮蕩荡冬東东咚氡蝀…,1/308
三觉,入声,第十六部(觉药),u,数,煲烳逋晡捕哺補补布步佈怖部埠簿肏誧𰵩䯙初樗除芻刍滁蜍鋤锄廚厨…,1/726
三觉,入声,第十六部(觉药),uah,喔,峇茇跋癶缽钵鉢撥拨博鈸钹掣叱錯错掇伐割葛轕𮝺刮喝划劃活渴闊阔…,1/58
三觉,入声,第十六部(觉药),uak,搠槊濯朔浊,郭崞椁槨漷获穫蠖鑊镬廓擴扩彍𭚦蜀蒴塑溯嗍矱濁撮嘬數珏瑴孑潑鈸…,5/102
三觉,入声,第十六部(觉药),ur,儿,差車车哧茌遲迟除鋤锄呲疵跐茨祠瓷詞词慈磁雌糍辭辞鶿鹚鷀此泚次…,1/308
四质,入声,第十七部(质陌锡职缉),at,虱,八捌別别桲擦察鑔镲墶垯噠哒笪達达靼繨𫄤韃鞑遏割葛喝曷核鞨褐戛…,1/93
四质,入声,第十七部(质陌锡职缉),ek,昵吉骘聿溢衵镒汨悉瑟,隘白百佰柏薄北逼愎煏愊碧薜壁璧襞伯帛舶擘卜蔔冊册側侧策廁厕測…,10/450
四质,入声,第十七部(质陌锡职缉),i,质踬尼泌,稗陂卑背悲碑被備备鞁憊惫鞴賁贲屄腟鼻匕疕比妣彼秕俾鄙魮𱇒庇畀…,4/960
四质,入声,第十七部(质陌锡职缉),iak,弼,杓蘗綽绰菔皭爵嚼撂掠略淖臬鎳镍虐瘧疟怯卻却雀鵲鹊若弱婼蒻箬篛…,1/164
四质,入声,第十七部(质陌锡职缉),iat,栗侄轶溧秩橘帙诘蛭窒垤篥桎抶唧栉拮洁耋郅,憋徶鱉鳖別别彆癶掣撤徹彻澈跌迭耊昳瓞絰绖鱖鳜虢即恝揭孑桀傑杰…,20/152
四质,入声,第十七部(质陌锡职缉),ih,覕,徶鱉鳖彳滴啇喋碟頰颊接潔蠘咧裂乜篾𰴕廿捏𥍉𱳅趴沏契砌䟙切缺舌…,1/49
四质,入声,第十七部(质陌锡职缉),ip,蒺疾,給给圾芨緝缉及岌汲笈急級级戢集楫蕺輯辑立笠粒泣葺入澀涩歙什溼…,2/61
四质,入声,第十七部(质陌锡职缉),it,壹实质七匹佚蜜轶室乙沕密漆失谧日嫉笔逸宓泆跸一筚佛铋必佾苾荜叱觱膝,筆蓽嗶哔鉍篳蹕癟瘪熾炽得鍀锝迭昳蝠瘠蹐鶺鹡脊鯽鲫揭結结楬碣糸…,33/99
四质,入声,第十七部(质陌锡职缉),uai,率帅,乖拐𧊅柺夬怪噲哙鮭鲑劊刽徊淮槐懷怀壞坏匯汇會会薈荟澮浍檜桧繪…,2/55
四质,入声,第十七部(质陌锡职缉),uat,茁,拔茇跋魃鼥般孛荸癶缽钵鉢撥拨餑饽勃脖渤鈸钹鵓鹁絀绌啜惙輟辍撮…,1/114
四质,入声,第十七部(质陌锡职缉),ue,戍,掰㧳杯揹背貝贝倍狽狈悖被焙蓓碚誖褙輩辈鋇钡菠揣吹炊棰箠兌兑裰…,1/200
四质,入声,第十七部(质陌锡职缉),ui,啐卒垒,杯卑背椑悲貝贝倍狽狈悖焙蓓碚誖輩辈扯𠡒揣膗踹膪圌吹炊垂陲捶搥…,3/463
四质,入声,第十七部(质陌锡职缉),ut,术沕沭聿怵述诎汩秫矞捽率佛卒蟀律黜鹬出恤,不鈈钚齣猝咄柮飿饳芾沸弗拂茀彿怫氟祓艴紱绂紼绋髴黻骨榾餶馉鶻…,20/114
五物,入声,第十八部(物月曷黠屑),i,契,稗陂卑背悲碑被備备鞁憊惫鞴賁贲屄腟鼻匕疕比妣彼秕俾鄙魮𱇒庇畀…,1/960
五物,入声,第十八部(物月曷黠屑),iat,厥,憋徶鱉鳖別别彆癶掣撤徹彻澈抶跌迭耊垤昳瓞耋絰绖鱖鳜虢唧即恝揭…,1/153
五物,入声,第十八部(物月曷黠屑),iok,郁,隩畜搐觸触矗戳促馥寂腳脚匊掬鞠鞫局侷菊跼覺觉可克刻氪六陸陆淥…,1/147
五物,入声,第十八部(物月曷黠屑),it,佛迄沕,筆笔必苾蓽荜嗶哔鉍铋觱篳筚蹕跸癟瘪叱熾炽得鍀锝迭昳蝠嫉瘠蹐鶺…,3/100
五物,入声,第十八部(物月曷黠屑),uat,剟,拔茇跋魃鼥般孛荸癶缽钵鉢撥拨餑饽勃脖渤鈸钹鵓鹁絀绌啜惙輟辍撮…,1/114
五物,入声,第十八部(物月曷黠屑),uh,欻,哱鶻鹘呴焌窟噗入射腯吸㰵嘬…,1/14
五物,入声,第十八部(物月曷黠屑),ui,尉蔚沸,杯卑背椑悲貝贝倍狽狈悖焙蓓碚誖輩辈扯𠡒揣膗踹膪圌吹炊垂陲捶搥…,3/463
五物,入声,第十八部(物月曷黠屑),urt,疙屹讫吃乞仡汔,圪紇纥嚙啮齧囓訖,7/15
五物,入声,第十八部(物月曷黠屑),ut,物绋掘弗黻怫崛郁佛茀屈诎熨祓菀沕艴绂拂倔勿不,鈈钚出齣怵黜猝咄柮飿饳芾彿氟紱紼髴汩骨榾餶馉鶻鹘核覈呼忽唿淴…,22/111
六月,入声,第十八部(物月曷黠屑),ap,呐讷,凹插扱鍤锸耷搭嗒褡沓剳答溚瘩呷蓋盖鴿鸽蛤合佮頜颌郃盍盒闔阖圾…,2/124
六月,入声,第十八部(物月曷黠屑),at,歇谒桲核,八捌別别擦察鑔镲墶垯噠哒笪達达靼繨𫄤韃鞑遏割葛喝曷鞨褐戛癤疖…,4/97
六月,入声,第十八部(物月曷黠屑),ek,汨核,隘白百佰柏薄北逼愎煏愊碧薜壁璧襞伯帛舶擘卜蔔冊册側侧策廁厕測…,2/469
六月,入声,第十八部(物月曷黠屑),iah,讦,壁璧拆赤糴籴蝶額额屐脊迹跡蹟訐劇剧掠癖辟僻峭雀食錫锡席隙削役…,1/45
六月,入声,第十八部(物月曷黠屑),ian,阏,辦办瓣萹蝙編编鞭邊边鯿鳊籩笾煸扁匾貶贬碥稨褊藊卞弁汴忭便遍辨…,1/581
六月,入声,第十八部(物月曷黠屑),iat,蹶歇蝎竭楬曰揭厥撅碣羯橛阙蕨月鳜,憋徶鱉鳖別别彆癶掣撤徹彻澈抶跌迭耊垤昳瓞耋絰绖鱖虢唧即恝孑拮…,16/153
六月,入声,第十八部(物月曷黠屑),uat,咄渤阀曰饽罚孛伐脖鹁钺月筏越樾刖勃发粤,拔茇跋魃鼥般荸癶缽钵鉢撥拨餑鈸钹鵓絀绌啜惙輟辍撮剟掇敠敪裰奪…,19/113
六月,入声,第十八部(物月曷黠屑),ue,哕,掰㧳杯揹背貝贝倍狽狈被焙蓓碚誖褙輩辈鋇钡菠揣吹炊棰箠兌兑裰飛…,1/200
六月,入声,第十八部(物月曷黠屑),ueh,哕,恶惡刮郭𰉗砉划劃噦沫詖诐缺闕闋阕刷唰涮說说襪袜物血畫𠱀…,1/28
六月,入声,第十八部(物月曷黠屑),uh,腯,哱欻鶻呴焌噗入射吸㰵嘬…,1/12
六月,入声,第十八部(物月曷黠屑),ui,卒悖,杯卑背椑悲貝贝倍狽狈焙蓓碚誖輩辈扯𠡒揣膗踹膪圌吹炊垂陲捶搥棰…,2/461
六月,入声,第十八部(物月曷黠屑),urt,纥,吃仡圪疙紇嚙啮齧囓乞迄契訖讫汔屹…,1/17
六月,入声,第十八部(物月曷黠屑),ut,掘突崛淴惚笏殁汩凸滑艴骨矻忽捽窣猝卒杌堀窟搰榾兀柮鹘阢没,不鈈钚出齣怵黜飿饳芾沸弗佛拂茀彿怫氟祓紱绂紼绋髴黻餶馉鶻覈呼…,28/112
七曷,入声,第十八部(物月曷黠屑),ah,剌瘌,瓣臿插鍤锸搭褡沓打疊叠蓋哈鉿铪合佮袷餄饸甲岬胛鉀钾接截卡客垃…,2/75
七曷,入声,第十八部(物月曷黠屑),ai,盖,哎哀埃挨唉捱皚皑矮藹蔼靄霭艾砹隘𱐿噯嗳嬡嫒𡟓礙碍岸捭擺摆襬拜…,1/356
七曷,入声,第十八部(物月曷黠屑),ak,豁鹖,雹暴爆㩧北剝剥亳博搏駁驳膊戳錯错毒獨独讀读度踱鐸铎恶堊垩鄂惡…,2/192
七曷,入声,第十八部(物月曷黠屑),an,怛妲,安桉氨鞍俺銨铵犴岸按胺案扳班般斑搬頒颁瘢癍阪坂板版蝂闆扮辦办…,2/319
七曷,入声,第十八部(物月曷黠屑),ann,呾,揞叄叁儋擔担膽胆淡氮澹泛柑敢橄咊剪翦酵藍蓝籃篮欖榄林冇奅仨三…,1/39
七曷,入声,第十八部(物月曷黠屑),ap,磕,凹插扱鍤锸耷搭嗒褡沓剳答溚瘩呷蓋鴿鸽蛤合佮頜颌郃盍盒闔阖圾集…,1/123
七曷,入声,第十八部(物月曷黠屑),at,笪喝渴闼褐獭捺遏曷割葛靼挞达鞨萨,八捌別别桲擦察鑔镲墶垯噠哒達繨𫄤韃鞑核戛癤疖結结節节攫刻辣叻…,16/97
七曷,入声,第十八部(物月曷黠屑),ek,适,隘白百佰柏薄北逼愎煏愊碧薜壁璧襞伯帛舶擘卜蔔冊册側侧策廁厕測…,1/472
七曷,入声,第十八部(物月曷黠屑),i,粝,稗陂卑背悲碑被備备鞁憊惫鞴賁贲屄腟鼻匕疕比妣彼秕俾鄙魮𱇒庇畀…,1/961
七曷,入声,第十八部(物月曷黠屑),iak,蘗,杓綽绰菔皭爵嚼撂掠略淖臬鎳镍虐瘧疟怯卻却雀鵲鹊若弱婼蒻箬篛勺…,1/180
七曷,入声,第十八部(物月曷黠屑),ian,阏,辦办瓣萹蝙編编鞭邊边鯿鳊籩笾煸扁匾貶贬碥稨褊藊卞弁汴忭便遍辨…,1/581
七曷,入声,第十八部(物月曷黠屑),iat,蝎,憋徶鱉鳖別别彆癶掣撤徹彻澈抶跌迭耊垤昳瓞耋絰绖鱖鳜虢唧即恝揭…,1/153
七曷,入声,第十八部(物月曷黠屑),uah,秣阔轕,峇癶缽鉢撥博鈸掣叱錯错伐𮝺刮划劃闊辣烙撇潑熱热撒剎刹殺杀煞鎩…,3/42
七曷,入声,第十八部(物月曷黠屑),uat,掇咄茇栝裰跋拨活沫钹夺抹鸹泼斡撮越括末魃拔脱剟钵,鼥般孛荸癶缽鉢撥餑饽勃脖渤鈸鵓鹁絀绌啜惙輟辍敠敪奪發发伐垡筏…,24/113
七曷,入声,第十八部(物月曷黠屑),ue,秣濊,掰㧳杯揹背貝贝倍狽狈悖被焙蓓碚誖褙輩辈鋇钡菠揣吹炊棰箠兌兑飛…,2/200
七曷,入声,第十八部(物月曷黠屑),ut,捋,不鈈钚出齣怵黜猝柮飿饳芾沸弗佛拂茀彿怫氟祓艴紱绂紼绋髴黻汩骨…,1/111
八黠,入声,第十八部(物月曷黠屑),a,叭帕,阿錒锕啊拗詏𬣦巴扒芭疤粑豝把靶爸耙罷罢霸壩坝灞欛吧骲飽饱趵豹…,2/239
八黠,入声,第十八部(物月曷黠屑),ai,秸,哎哀埃挨唉捱皚皑矮藹蔼靄霭艾砹隘𱐿噯嗳嬡嫒𡟓礙碍岸捭擺摆襬拜…,1/356
八黠,入声,第十八部(物月曷黠屑),ak,哳嘎,雹暴爆㩧剝剥亳博搏駁驳膊戳錯错毒獨独讀读度踱鐸铎恶堊垩鄂惡萼…,2/192
八黠,入声,第十八部(物月曷黠屑),at,辖捌獭瞎八扎轧揠铩察戛札杀刹,別别桲擦鑔镲墶垯噠哒笪達达靼繨𫄤韃鞑遏割葛喝曷核鞨褐癤疖結结…,14/98
八黠,入声,第十八部(物月曷黠屑),ek,北,隘白百佰柏薄逼愎煏愊碧薜壁璧襞伯帛舶擘卜蔔冊册側侧策廁厕測测…,1/471
八黠,入声,第十八部(物月曷黠屑),iat,颉黠楬楔,憋徶鱉鳖別别彆癶掣撤徹彻澈抶跌迭耊垤昳瓞耋絰绖鱖鳜虢唧即恝揭…,4/153
八黠,入声,第十八部(物月曷黠屑),uah,蚻,峇茇跋癶缽钵鉢撥拨博鈸钹掣叱錯错掇伐割葛轕𮝺喝划劃活渴闊阔辣…,1/53
八黠,入声,第十八部(物月曷黠屑),uat,刮茁刷拔刖鸹,茇跋魃鼥般孛荸癶缽钵鉢撥拨餑饽勃脖渤鈸钹鵓鹁絀绌啜惙輟辍撮咄…,6/114
八黠,入声,第十八部(物月曷黠屑),ut,猾鹘滑,不鈈钚出齣怵黜猝咄柮飿饳芾沸弗佛拂茀彿怫氟祓艴紱绂紼绋髴黻汩…,3/114
九屑,入声,第十八部(物月曷黠屑),ap,呐,凹插扱鍤锸耷搭嗒褡沓剳答溚瘩呷蓋盖鴿鸽蛤合佮頜颌郃盍盒闔阖圾…,1/124
九屑,入声,第十八部(物月曷黠屑),at,疖噎核,八捌別桲擦察鑔镲墶垯噠哒笪達达靼繨𫄤韃鞑遏割葛喝曷鞨褐戛癤結…,3/95
九屑,入声,第十八部(物月曷黠屑),au,啮,凹敖𠢕嶅遨嗷廒獒熬聱螯翱鏖鰲鳌媼媪襖袄坳拗奡傲奧奥隩嶴岙澳懊…,1/491
九屑,入声,第十八部(物月曷黠屑),ek,晰扼核,隘白百佰柏薄北逼愎煏愊碧薜壁璧襞伯帛舶擘卜蔔冊册側侧策廁厕測…,3/465
九屑,入声,第十八部(物月曷黠屑),i,偈契捩愒切批霓蹩闭,稗陂卑背悲碑被備备鞁憊惫鞴賁贲屄腟鼻匕疕比妣彼秕俾鄙魮𱇒庇畀…,9/957
九屑,入声,第十八部(物月曷黠屑),iah,讦,壁璧拆赤糴籴蝶額额屐脊迹跡蹟訐劇剧掠癖辟僻峭雀食錫锡席隙歇削…,1/46
九屑,入声,第十八部(物月曷黠屑),iak,臬浙,杓蘗綽绰菔皭爵嚼撂掠略淖鎳镍虐瘧疟怯卻却雀鵲鹊若弱婼蒻箬篛勺…,2/154
九屑,入声,第十八部(物月曷黠屑),ian,谳餮咽,辦办瓣萹蝙編编鞭邊边鯿鳊籩笾煸扁匾貶贬碥稨褊藊卞弁汴忭便遍辨…,3/581
九屑,入声,第十八部(物月曷黠屑),iap,渫窃绁页涅苶捏泄陧,臿插堞喋牒碟蝶蹀諜谍疊叠浹浃裌夹夾郟郏莢荚袷蛺蛱鋏铗頰颊接劫…,9/130
九屑,入声,第十八部(物月曷黠屑),iat,缬锲撇烈别侄桀瓞铁鳖截轶舌昳亵竭楬跌辙蔑灭揭屑杰碣颉血洌裂迭节撷蛭澈设垤哲挈薛列谲瞥孽折彻撤缺切咽拮孑茢绖结洁掣耋雪冽热楔,憋徶鱉別彆癶徹抶耊絰鱖鳜虢唧即恝傑結節詰诘羯潔趄橘撅噘厥蕨嶡…,61/153
九屑,入声,第十八部(物月曷黠屑),iau,橇,詏𬣦杓標标膘瀌瘭鏢镖驃骠飆飙飈飚鑣镳表婊裱錶俵鰾鳔超晁朝嘲潮…,1/417
九屑,入声,第十八部(物月曷黠屑),ih,覕咧,徶鱉彳叱滴啇喋碟唧頰颊接潔蠘乜𰴕廿𥍉𱳅趴沏砌䟙食蝕蚀爍烁鐵熠…,2/40
九屑,入声,第十八部(物月曷黠屑),ip,折,給给圾芨緝缉及岌汲笈急級级疾戢集蒺楫蕺輯辑立笠粒泣葺入澀涩歙…,1/61
九屑,入声,第十八部(物月曷黠屑),it,轶篾蠛鲫,筆笔必苾蓽荜嗶哔鉍铋觱篳筚蹕跸癟瘪叱熾炽得鍀锝佛蝠嫉瘠蹐鶺鹡…,4/92
九屑,入声,第十八部(物月曷黠屑),oi,啮,挨矮𠜱釵钗喫代堤底改噲哙鮭鲑會会𣍐𫧃𠁞𠀾雞鸡計计濟济㩼階阶街…,1/74
九屑,入声,第十八部(物月曷黠屑),ua,拽,貝贝播簸大帶带舵蓋盖歌呱瓜卦挂掛罣罫褂禾何和龢花華华嘩哗鏵铧…,1/119
九屑,入声,第十八部(物月曷黠屑),uah,拽,峇茇跋癶缽钵鉢撥拨博鈸钹叱錯错伐割葛轕𮝺刮喝划劃活渴闊阔辣烙…,1/53
九屑,入声,第十八部(物月曷黠屑),uat,诀掇拙绝抉刷辍决缀玦啜劣谲悦阅埒惙茁说剟穴,拔茇跋魃鼥般孛荸癶缽钵鉢撥拨餑饽勃脖渤鈸钹鵓鹁絀绌輟撮咄敠敪…,21/114
九屑,入声,第十八部(物月曷黠屑),ue,缀,掰㧳杯揹背貝贝倍狽狈悖被焙蓓碚誖褙輩辈鋇钡菠揣吹炊棰箠兌兑裰…,1/200
九屑,入声,第十八部(物月曷黠屑),ueh,唰阕,恶惡刮郭𰉗砉划劃噦哕沫詖诐闕阙闋涮說襪袜物月刖畫𠱀…,2/27
九屑,入声,第十八部(物月曷黠屑),ui,蜕,杯卑背椑悲貝贝倍狽狈悖焙蓓碚誖輩辈扯𠡒揣膗踹膪圌吹炊垂陲捶搥…,1/462
九屑,入声,第十八部(物月曷黠屑),un,准,奔逩賁贲錛锛本苯畚笨飱蟬蝉顫颤舩船舛荈春椿純纯脣淳蒓莼醇鶉鹑…,1/377
九屑,入声,第十八部(物月曷黠屑),urt,啮,吃仡圪疙紇纥嚙齧囓乞迄訖讫汔屹…,1/16
九屑,入声,第十八部(物月曷黠屑),ut,凸,不鈈钚出齣怵黜猝咄柮飿饳芾沸弗佛拂茀彿怫氟祓艴紱绂紼绋髴黻汩…,1/113
十药,入声,第十六部(觉药),a,柞怍,阿錒锕啊拗詏𬣦巴扒叭芭疤粑豝把靶爸耙罷罢霸壩坝灞欛吧骲飽饱豹…,2/234
十药,入声,第十六部(觉药),ak,诺壑貉铎垩愕拓膊博鹤错踱橐亳腭谔恪藿搏涸郝恶落乐霍作鹗萼爆凿鳄锷鄂噩,雹暴㩧北剝剥駁驳戳錯毒獨独讀读鐸堊惡㕺諤鍔顎颚鶚鰐鱷伏幅輻辐…,34/196
十药,入声,第十六部(觉药),au,趵爆,凹敖𠢕嶅遨嗷廒獒熬聱螯翱鏖鰲鳌媼媪襖袄坳拗奡傲奧奥隩嶴岙澳懊…,2/491
十药,入声,第十六部(觉药),e,若,嗄扒把爸耙唄呗廁厕叉扠杈茶查差儕侪車车硨砗扯尺爹父華华藉籍加…,1/156
十药,入声,第十六部(觉药),ek,魄笮泽陌硌格郝昔,隘白百佰柏北逼愎煏愊碧薜壁璧襞伯帛舶擘卜蔔冊册側侧策廁厕測测…,8/469
十药,入声,第十六部(觉药),i,郤婼,稗陂卑背悲碑被備备鞁憊惫鞴賁贲屄腟鼻匕疕比妣彼秕俾鄙魮𱇒庇畀…,2/961
十药,入声,第十六部(觉药),iak,酌鹊著若灼药焯箬铄蒻爚削谑跃皭彴略瀹杓约弱嚼虐钥妁绰芍爵婼乐龠雀烁疟掠勺,蘗綽菔撂淖臬鎳镍瘧怯卻鵲篛爍鑠趯謔藥鑰約樂躍籥着鬣瘈契趄戳磔…,36/177
十药,入声,第十六部(觉药),iat,攫矍,憋徶鱉鳖別别彆癶掣撤徹彻澈抶跌迭耊垤昳瓞耋絰绖鱖鳜虢唧即恝揭…,2/153
十药,入声,第十六部(觉药),iau,𫏋杓缴袅,詏𬣦標标膘瀌瘭鏢镖驃骠飆飙飈飚鑣镳表婊裱錶俵鰾鳔超晁朝嘲潮瘳…,4/417
十药,入声,第十六部(觉药),ih,烁,徶鱉鳖彳叱滴啇喋碟唧頰颊接潔洁蠘咧裂乜篾覕𰴕廿捏𥍉𱳅趴沏契砌…,1/52
十药,入声,第十六部(觉药),iok,脚却,隩畜搐觸触矗戳促馥寂腳匊掬鞠鞫局侷菊跼覺觉可克刻氪六陸陆淥渌…,2/147
十药,入声,第十六部(觉药),o,薄错膜摸,阿襖袄保寶宝抱報报陂波玻菠播嶓跛簸啵糙曹槽草初鋤锄楚礎础搓磋…,4/381
十药,入声,第十六部(觉药),oh,箨愕萚,舶鉑铂駁驳礴觸触踔掇厄呃惡㕺閤閣鶴駱絡摞犖荦麼么麽搨託駝驼庹…,3/54
十药,入声,第十六部(觉药),ok,镆漠泺索各洛粕斫寞斮柝络薄珞酪簿烙鹤幕泊箔瘼缚莫恶落骆乐雒托度阁昨,白百佰柏雹暴㩧㿺帛舶鉑铂礴卜啵蔔醭亍齪龊蔟簇蹙蹴纛督毒獨独匵…,33/296
十药,入声,第十六部(觉药),u,蒲珞簿厝恶度躇酢,煲烳逋晡捕哺補补布步佈怖部埠肏誧𰵩䯙初樗除芻刍滁蜍鋤锄廚厨雛…,8/725
十药,入声,第十六部(觉药),uak,获廓蠖漷镬郭,崞椁槨穫鑊擴彍𭚦蜀朔搠蒴槊塑溯嗍矱濁浊濯撮嘬數玨珏瑴孑潑鈸末…,6/102
十药,入声,第十六部(觉药),uang,扩,牀床噇闖闯方邡坊芳枋鈁钫防妨肪房仿昉倣舫紡纺訪访髣放封風风瘋…,1/386
十药,入声,第十六部(觉药),ueh,郭,惡刮𰉗砉划劃噦哕沫詖诐缺闕阙闋阕刷唰涮說说襪袜物血月刖畫𠱀…,1/30
十药,入声,第十六部(觉药),uek,获,嘓啯國国划劃或惑獲湨役疫域穫鑊矱棫蜮…,1/19
十药,入声,第十六部(觉药),ur,醵噱,差車车哧茌遲迟除鋤锄呲疵跐茨祠瓷詞词慈磁雌糍辭辞鶿鹚鷀此泚次…,2/307
十一陌,入声,第十七部(质陌锡职缉),a,柞咋霸,阿錒锕啊拗詏𬣦巴扒叭芭疤粑豝把靶爸耙罷罢壩坝灞欛吧骲飽饱趵豹…,3/235
十一陌,入声,第十七部(质陌锡职缉),ah,剌,瓣臿插鍤锸搭褡沓打疊叠蓋盖哈鉿铪合佮袷餄饸甲岬胛鉀钾接截卡垃…,1/72
十一陌,入声,第十七部(质陌锡职缉),ak,拓窄搦,雹暴爆㩧北剝剥亳博搏駁驳膊戳錯错毒獨独讀读度踱鐸铎恶堊垩鄂惡…,3/199
十一陌,入声,第十七部(质陌锡职缉),ap,栅腊,凹插扱鍤锸耷搭嗒褡沓剳答溚瘩呷蓋盖鴿鸽蛤合佮頜颌郃盍盒闔阖圾…,2/124
十一陌,入声,第十七部(质陌锡职缉),at,核,八捌別别桲擦察鑔镲墶垯噠哒笪達达靼繨𫄤韃鞑遏割葛喝曷鞨褐戛癤…,1/98
十一陌,入声,第十七部(质陌锡职缉),au,睾,凹敖𠢕嶅遨嗷廒獒熬聱螯翱鏖鰲鳌媼媪襖袄坳拗奡傲奧奥隩嶴岙澳懊…,1/491
十一陌,入声,第十七部(质陌锡职缉),e,哑跖尺藉炙籍假射,嗄扒把爸耙唄呗廁厕叉扠杈茶查差儕侪車车硨砗扯爹父華华加枷家耞…,8/155
十一陌,入声,第十七部(质陌锡职缉),eh,嗌赜膈箦,掰冊奼姹仛阨軛挌搿鎘镉硌積迹績绩揢簣篑叻歷历曆藶苈櫟栎嚦呖瀝…,4/68
十一陌,入声,第十七部(质陌锡职缉),ek,驿惜轭宅碧脊魄摘擗麦癖螫只峄额厄革柏剧珀亦帛尺帻腋汐泽迫陌喀槭绎谪滆鬲膈伯策翮译斥百脉拍貊窄襞磔益液蜴扼吓隙怿僻骼掖翟奕席藉炙硕掷嗝赤蓦拆戟舶蚱弈隔逆霹格责埸释册易啧石斁碛适屐踯赫昔璧客积白擿坼薜擘夕搦核辟舴穸借佰择奭,隘薄北逼愎煏愊壁卜蔔冊側侧廁厕測测惻恻呎彳敕飭饬鶒𫛶鷘畜搐得…,109/468
十一陌,入声,第十七部(质陌锡职缉),i,郤易,稗陂卑背悲碑被備备鞁憊惫鞴賁贲屄腟鼻匕疕比妣彼秕俾鄙魮𱇒庇畀…,2/960
十一陌,入声,第十七部(质陌锡职缉),ia,硕,才車车硨砗爹伽徛寄加佳迦珈枷痂家耞笳袈葭跏傢嘉斝賈贾檟槚价架…,1/131
十一陌,入声,第十七部(质陌锡职缉),iah,摭,壁糴籴蝶額迹跡蹟揭訐讦劇掠峭雀食錫锡歇削溢翼驛謫柘隻擢…,1/28
十一陌,入声,第十七部(质陌锡职缉),iat,磔虢,憋徶鱉鳖別别彆癶掣撤徹彻澈抶跌迭耊垤昳瓞耋絰绖鱖鳜唧即恝揭孑…,2/153
十一陌,入声,第十七部(质陌锡职缉),ioh,鼫摭,呎得角腳脚淖挈雀若弱箬蓆藥药叶頁页葉約约着質质鑕著…,2/27
十一陌,入声,第十七部(质陌锡职缉),iok,涑却,隩畜搐觸触矗戳促馥寂腳脚匊掬鞠鞫局侷菊跼覺觉可克刻氪六陸陆淥…,2/147
十一陌,入声,第十七部(质陌锡职缉),it,鲫瘠鹡蹐,筆笔必苾蓽荜嗶哔鉍铋觱篳筚蹕跸癟瘪叱熾炽得鍀锝迭昳佛蝠嫉鶺鯽…,4/99
十一陌,入声,第十七部(质陌锡职缉),o,划嚄,阿襖袄薄保寶宝抱報报陂波玻菠播嶓跛簸啵糙曹槽草初鋤锄楚礎础搓…,2/383
十一陌,入声,第十七部(质陌锡职缉),ok,索蝈柏啯帼帛槭百舶莫掴白佰,雹薄暴㩧㿺鉑铂箔礴卜啵蔔醭簿亍齪龊蔟簇蹙蹴纛督毒獨独匵瀆渎櫝…,13/295
十一陌,入声,第十七部(质陌锡职缉),ou,斁,煲哺補补布步部埠踄簿愁廚厨觕湊凑腠輳辏粗醋都唗兜篼抖枓陡蚪斗…,1/355
十一陌,入声,第十七部(质陌锡职缉),u,厝诉,煲烳逋晡捕哺補补布步佈怖部埠簿肏誧𰵩䯙初樗除芻刍滁蜍鋤锄廚厨…,2/726
十一陌,入声,第十七部(质陌锡职缉),ua,划画,貝贝播簸大帶带舵蓋盖歌呱瓜卦挂掛罣罫褂禾何和龢花華华嘩哗鏵铧…,2/119
十一陌,入声,第十七部(质陌锡职缉),uak,获,郭崞椁槨漷穫蠖鑊镬廓擴扩彍𭚦蜀朔搠蒴槊塑溯嗍矱濁浊濯撮嘬數玨…,1/103
十一陌,入声,第十七部(质陌锡职缉),ueh,砉,恶惡刮郭𰉗劃噦哕沫詖诐缺闕阙闋阕刷唰涮說说襪袜物血月刖畫𠱀…,1/30
十一陌,入声,第十七部(质陌锡职缉),uek,划获役疫,嘓國国劃或惑獲湨域穫蠖鑊矱棫蜮…,4/19
十二锡,入声,第十七部(质陌锡职缉),ang,愓,骯肮昂邦梆浜幫帮綁绑榜膀蚌棒傍蒡稖磅謗谤崩繃绷甏蹦倉仓蒼苍滄…,1/518
十二锡,入声,第十七部(质陌锡职缉),eh,栎苈,嗌掰白百佰柏伯帛擘冊册策奼姹仛厄阨扼軛轭挌革格隔嗝搿膈骼鎘镉…,2/89
十二锡,入声,第十七部(质陌锡职缉),ek,滴淅砾晰摘绩历溺菂涤蜥析狄荻呖沥的鬲逖笛敌镝趯惕汨皪翟幂击劈霹觋觅嫡雳寂壁锡剔适戚踢轹枥檄倜激迪阋甓,隘白百佰柏薄北逼愎煏愊碧薜璧襞伯帛舶擘卜蔔冊册側侧策廁厕測测…,50/471
十二锡,入声,第十七部(质陌锡职缉),i,的郦霓阋,稗陂卑背悲碑被備备鞁憊惫鞴賁贲屄腟鼻匕疕比妣彼秕俾鄙魮𱇒庇畀…,4/961
十二锡,入声,第十七部(质陌锡职缉),iah,籴,璧拆赤糴蝶額额屐脊迹跡蹟揭訐讦劇剧掠癖辟僻峭雀食錫席隙歇削役…,1/44
十二锡,入声,第十七部(质陌锡职缉),iak,趯,杓蘗綽绰菔皭爵嚼撂掠略淖臬鎳镍虐瘧疟怯卻却雀鵲鹊若弱婼蒻箬篛…,1/179
十二锡,入声,第十七部(质陌锡职缉),iam,焱,覘觇幨嬋婵蟬蝉蟾諂谄敁掂踮點点坫店玷惦扂墊垫簟鞥尖兼蒹緘缄縑…,1/221
十二锡,入声,第十七部(质陌锡职缉),iang,愓,昌倀伥菖猖娼閶阊鯧鲳長长萇苌常徜場场腸肠嘗尝嫦嚐償偿鱨鲿昶敞…,1/546
十二锡,入声,第十七部(质陌锡职缉),iau,溺吊,詏𬣦杓標标膘瀌瘭鏢镖驃骠飆飙飈飚鑣镳表婊裱錶俵鰾鳔超晁朝嘲潮…,2/417
十二锡,入声,第十七部(质陌锡职缉),iok,妯,隩畜搐觸触矗戳促馥腳脚匊掬鞠鞫局侷菊跼覺觉可克刻氪六陸陆淥渌…,1/146
十二锡,入声,第十七部(质陌锡职缉),iu,臭,彪滮抽犨仇惆酬稠愁裯綢绸儔俦幬帱疇畴籌筹躊踌讐讎雠丑瞅醜稻丟…,1/326
十二锡,入声,第十七部(质陌锡职缉),ok,泺觌,白百佰柏雹薄暴㩧㿺帛舶鉑铂箔礴卜啵蔔醭簿亍齪龊蔟簇蹙蹴纛督毒…,2/297
十二锡,入声,第十七部(质陌锡职缉),u,鵙,煲烳逋晡捕哺補补布步佈怖部埠簿肏誧𰵩䯙初樗除芻刍滁蜍鋤锄廚厨…,1/726
十二锡,入声,第十七部(质陌锡职缉),ueh,砉,恶惡刮郭𰉗划劃噦哕沫詖诐缺闕阙闋阕刷唰涮說说襪袜物血月刖畫𠱀…,1/31
十二锡,入声,第十七部(质陌锡职缉),urt,吃,仡圪疙紇纥嚙啮齧囓乞迄契訖讫汔屹…,1/17
十二锡,入声,第十七部(质陌锡职缉),ut,汩,不鈈钚出齣怵黜猝咄柮飿饳芾沸弗佛拂茀彿怫氟祓艴紱绂紼绋髴黻骨…,1/114
十三职,入声,第十七部(质陌锡职缉),ai,塞劾,哎哀埃挨唉捱皚皑矮藹蔼靄霭艾砹隘𱐿噯嗳嬡嫒𡟓礙碍岸捭擺摆襬拜…,2/356
十三职,入声,第十七部(质陌锡职缉),ak,洫,雹暴爆㩧剝剥亳博搏駁驳膊戳錯错毒獨独讀读度踱鐸铎恶堊垩鄂惡萼…,1/190
十三职,入声,第十七部(质陌锡职缉),au,冒,凹敖𠢕嶅遨嗷廒獒熬聱螯翱鏖鰲鳌媼媪襖袄坳拗奡傲奧奥隩嶴岙澳懊…,1/491
十三职,入声,第十七部(质陌锡职缉),ek,亿殛熄埴塞逼勒仂陟崱臆稙匿直亟栻啬织殖弋德植恧敕蚀饰穑侧饬力赩愊慝极泐北翊则恻拭鷘墨愎识忆昃翌式刻特贼职仄肋黑息默抑湜屴轼忒值色翼棘稷食得测,隘白百佰柏薄煏碧薜壁璧襞伯帛舶擘卜蔔冊册側策廁厕測惻拆坼尺呎…,70/467
十三职,入声,第十七部(质陌锡职缉),i,亟识嶷意,稗陂卑背悲碑被備备鞁憊惫鞴賁贲屄腟鼻匕疕比妣彼秕俾鄙魮𱇒庇畀…,4/961
十三职,入声,第十七部(质陌锡职缉),iat,即唧,憋徶鱉鳖別别彆癶掣撤徹彻澈抶跌迭耊垤昳瓞耋絰绖鱖鳜虢恝揭孑拮…,2/153
十三职,入声,第十七部(质陌锡职缉),iok,刻克,隩畜搐觸触矗戳促馥寂腳脚匊掬鞠鞫局侷菊跼覺觉可氪六陸陆淥渌逯…,2/146
十三职,入声,第十七部(质陌锡职缉),ip,涩,給给圾芨緝缉及岌汲笈急級级疾戢集蒺楫蕺輯辑立笠粒泣葺入澀歙什…,1/61
十三职,入声,第十七部(质陌锡职缉),it,鲫,筆笔必苾蓽荜嗶哔鉍铋觱篳筚蹕跸癟瘪叱熾炽鍀锝迭昳佛蝠嫉瘠蹐鶺…,1/88
十三职,入声,第十七部(质陌锡职缉),ok,蜮棫惑冒幅副菔或匐国伏,白百佰柏雹薄暴㩧㿺帛舶鉑铂箔礴卜啵蔔醭簿亍齪龊蔟簇蹙蹴纛督毒…,11/297
十三职,入声,第十七部(质陌锡职缉),u,副,煲烳逋晡捕哺補补布步佈怖部埠簿肏誧𰵩䯙初樗除芻刍滁蜍鋤锄廚厨…,1/726
十三职,入声,第十七部(质陌锡职缉),uek,惑或域,嘓啯國划劃獲获湨役疫穫蠖鑊矱…,3/17
十三职,入声,第十七部(质陌锡职缉),ur,食,差車车哧茌遲迟除鋤锄呲疵跐茨祠瓷詞词慈磁雌糍辭辞鶿鹚鷀此泚次…,1/308
十四缉,入声,第十七部(质陌锡职缉),ap,什靸,凹插扱鍤锸耷搭嗒褡沓剳答溚瘩呷蓋盖鴿鸽蛤合佮頜颌郃盍盒闔阖甲…,2/117
十四缉,入声,第十七部(质陌锡职缉),ek,蛰,隘白百佰柏薄北逼愎煏愊碧薜壁璧襞伯帛舶擘卜蔔冊册側侧策廁厕測…,1/471
十四缉,入声,第十七部(质陌锡职缉),i,什,稗陂卑背悲碑被備备鞁憊惫鞴賁贲屄腟鼻匕疕比妣彼秕俾鄙魮𱇒庇畀…,1/961
十四缉,入声,第十七部(质陌锡职缉),iam,厌,覘觇幨嬋婵蟬蝉蟾諂谄敁掂踮點点坫店玷惦扂墊垫簟鞥尖兼蒹緘缄縑…,1/221
十四缉,入声,第十七部(质陌锡职缉),iap,廿,臿插堞喋牒碟蝶蹀諜谍疊叠浹浃裌夹夾郟郏莢荚袷蛺蛱鋏铗頰颊接劫…,1/130
十四缉,入声,第十七部(质陌锡职缉),iok,煜,隩畜搐觸触矗戳促馥寂腳脚匊掬鞠鞫局侷菊跼覺觉可克刻氪六陸陆淥…,1/147
十四缉,入声,第十七部(质陌锡职缉),iong,龙,冲充沖忡茺翀舂衝憧艟崇蟲虫寵宠銃铳蓯苁樅枞從从叢丛弓供恭躬宮…,1/171
十四缉,入声,第十七部(质陌锡职缉),ip,岌圾揖什悒级浥芨入袭执隰集泣十习及吸拾笈给蕺翕湿立歙挹褶粒葺邑缉笠絷熠辑汲汁戢急,給緝級疾蒺楫輯澀涩溼濕熻習嶍鰼鳛襲折摺執縶…,40/61
十四缉,入声,第十七部(质陌锡职缉),ng,什,榜本甭倉仓艙舱長长腸肠川穿傳传瘡疮牀床創创刺邨村當当鐺铛荡盪…,1/163
十四缉,入声,第十七部(质陌锡职缉),ur,什,差車车哧茌遲迟除鋤锄呲疵跐茨祠瓷詞词慈磁雌糍辭辞鶿鹚鷀此泚次…,1/308
十五合,入声,第十九部(合洽),a,拉,阿錒锕啊拗詏𬣦巴扒叭芭疤粑豝把靶爸耙罷罢霸壩坝灞欛吧骲飽饱趵…,1/239
十五合,入声,第十九部(合洽),ah,趿邋,瓣臿插鍤锸打疊叠蓋哈鉿铪佮餄饸甲岬胛鉀钾接截卡客垃剌瘌辣臘蠟…,2/62
十五合,入声,第十九部(合洽),ai,盖,哎哀埃挨唉捱皚皑矮藹蔼靄霭艾砹隘𱐿噯嗳嬡嫒𡟓礙碍岸捭擺摆襬拜…,1/356
十五合,入声,第十九部(合洽),ak,拓姶,雹暴爆㩧北剝剥亳博搏駁驳膊戳錯错毒獨独讀读度踱鐸铎恶堊垩鄂惡…,2/196
十五合,入声,第十九部(合洽),ap,嗒杂盍磕瞌郃卅噆闸衲盒匝靸蛤腊嗑踏遢合榻溘纳搭榼塔鸽答錔搕褡遝阖沓蜡飒塌蹋,凹插扱鍤锸耷剳溚瘩呷蓋鴿佮頜颌闔圾集甲岬胛臘蠟鑞立笠獵猎躐鬣…,37/123
十五合,入声,第十九部(合洽),iak,怯,杓蘗綽绰菔皭爵嚼撂掠略淖臬鎳镍虐瘧疟卻却雀鵲鹊若弱婼蒻箬篛勺…,1/180
十五合,入声,第十九部(合洽),iam,腌,覘觇幨嬋婵蟬蝉蟾諂谄敁掂踮點点坫店玷惦扂墊垫簟鞥尖兼蒹緘缄縑…,1/221
十五合,入声,第十九部(合洽),iap,业袷胁劫邺喋,臿插堞牒碟蝶蹀諜谍疊叠浹浃裌夹夾郟郏莢荚蛺蛱鋏铗頰颊接捷婕睫…,6/131
十五合,入声,第十九部(合洽),ip,浥笈,給给圾芨緝缉及岌汲急級级疾戢集蒺楫蕺輯辑立笠粒泣葺入澀涩歙什…,2/61
十五合,入声,第十九部(合洽),o,漯,阿襖袄薄保寶宝抱報报陂波玻菠播嶓跛簸啵糙曹槽草初鋤锄楚礎础搓…,1/384
十五合,入声,第十九部(合洽),ok,阁,白百佰柏雹薄暴㩧㿺帛舶鉑铂箔礴卜啵蔔醭簿亍齪龊蔟簇蹙蹴纛督毒…,1/298
十五合,入声,第十九部(合洽),u,胠,煲烳逋晡捕哺補补布步佈怖部埠簿肏誧𰵩䯙初樗除芻刍滁蜍鋤锄廚厨…,1/726
十五合,入声,第十九部(合洽),ua,匝,貝贝播簸大帶带舵蓋歌呱瓜卦挂掛罣罫褂禾何和龢花華华嘩哗鏵铧驊…,1/118
十六叶,入声,第十九部(合洽),ah,擸邋,瓣臿插鍤锸搭褡沓打疊蓋盖哈鉿铪合佮袷餄饸甲岬胛鉀钾截卡客垃剌…,2/69
十六叶,入声,第十九部(合洽),ap,猎鬣躐馌,凹插扱鍤锸耷搭嗒褡沓剳答溚瘩呷蓋盖鴿鸽蛤合佮頜颌郃盍盒闔阖圾…,4/122
十六叶,入声,第十九部(合洽),ek,极,隘白百佰柏薄北逼愎煏愊碧薜壁璧襞伯帛舶擘卜蔔冊册側侧策廁厕測…,1/472
十六叶,入声,第十九部(合洽),iam,魇慊厌捻,覘觇幨嬋婵蟬蝉蟾諂谄敁掂踮點点坫店玷惦扂墊垫簟鞥尖兼蒹緘缄縑…,4/221
十六叶,入声,第十九部(合洽),iap,摄铗帖镊荚蛱挟聂浃妾惬箧霎箑牒鍱睫嗫詟倢烨颊叶靥接燮叠滠堞喋侠苶蹀贴蝶捻谍婕躞协涉蹑慑捷夹歃,臿插碟諜疊浹裌夾郟郏莢袷蛺鋏頰劫粒廿捏揑涅隉陧湼聶囁躡鑷顳颞…,46/130
十六叶,入声,第十九部(合洽),iat,辄折,憋徶鱉鳖別别彆癶掣撤徹彻澈抶跌迭耊垤昳瓞耋絰绖鱖鳜虢唧即恝揭…,2/153
十六叶,入声,第十九部(合洽),ip,楫笈歙褶折岌拾,給给圾芨緝缉及汲急級级疾戢集蒺蕺輯辑立笠粒泣葺入澀涩什溼濕湿…,7/61
十七洽,入声,第十九部(合洽),ah,钾,瓣鍤搭褡沓打疊叠蓋盖哈鉿铪合佮餄饸岬鉀接截卡客垃邋剌瘌辣臘腊…,1/67
十七洽,入声,第十九部(合洽),ap,胛掐甲狎恰锸峡眨鸭匣唼呷扱押插,凹鍤耷搭嗒褡沓剳答溚瘩蓋盖鴿鸽蛤合佮頜颌郃盍盒闔阖圾集岬搕嗑…,15/122
十七洽,入声,第十九部(合洽),at,札,八捌別别桲擦察鑔镲墶垯噠哒笪達达靼繨𫄤韃鞑遏割葛喝曷核鞨褐戛…,1/98
十七洽,入声,第十九部(合洽),au,掏,凹敖𠢕嶅遨嗷廒獒熬聱螯翱鏖鰲鳌媼媪襖袄坳拗奡傲奧奥隩嶴岙澳懊…,1/491
十七洽,入声,第十九部(合洽),iak,怯,杓蘗綽绰菔皭爵嚼撂掠略淖臬鎳镍虐瘧疟卻却雀鵲鹊若弱婼蒻箬篛勺…,1/180
十七洽,入声,第十九部(合洽),iap,业袷箑臿狭硖胁渫峡劫郏洽邺压夹喋霎插歃,堞牒碟蝶蹀諜谍疊叠浹浃裌夾郟莢荚蛺蛱鋏铗頰颊接捷婕睫粒捻廿捏…,19/131
十七洽,入声,第十九部(合洽),uap,乏法,砝珐琺,2/5
